1.3413331508636475,10.406195063143969,-0.9349868688732386,-6.253360107541084,6.6287280125543475,1.2503827675245702,-3.9923080410808325,-8.32369557255879,-1.9775039926171303,9.692793072201312,-0.5310998586937785,-1.9344779755920172,-3.08237006329,-2.2135530561208725,11.112511270330288,2.3995416049147025,4.451393179129809,1.7958140727132559,-11.593199027702212,-1.8530109515413642,3.8199749663472176,4.176230061799288,5.17312004417181,-1.8337079882621765,10.128272077068686,-23.563949815928936,-3.3301049433648586,0.42251127073541284,6.8054758994840086,2.9811181481927633,61.76230978965759,13.974762976169586,-7.7968471217900515,-2.7883178686606698,-6.8130830600857735,-5.036066587083042,2.53243800252676,0.19756320863962173,-1.5840118899941444,-5.328054064884782,-3.885286096483469,-3.4525408148765564,-3.2025979086756706,-2.7883150540292263,-2.788290109485388,6.793548973277211,-0.7537410203367472,-2.7629919536411762,2.1742015830241144,1.0985949411988258
5.630666861310601,18.53906682692468,-1.011647745152004,-5.7077400935813785,11.440663984045386,8.56496099755168,-15.024888364598155,-14.535257094539702,-3.527814994158689,10.497528910404071,-1.283128428272903,7.795305939391255,-9.5783271510154,5.359106957912445,13.68687049858272,8.369132696650922,1.2945468686521053,-1.9556888826191425,-4.573889027815312,-19.465543041937053,3.340081013739109,17.20637707412243,11.692899069748819,2.9090367215685546,9.477112015709281,-58.194059796631336,-23.15244808793068,0.31102889589965343,15.56041195592843,-12.029524167301133,137.1146893799305,17.282994856126606,-9.206091970205307,-8.790458096249495,-3.705288986908272,0.9846722823567688,-3.4004698768258095,-0.05318899638950825,-6.058867400046438,-10.124237064272165,-0.31333901337347925,3.246248112991452,2.6354327237349935,6.7172571662813425,4.347093991935253,5.885518862283789,-1.8083740789443254,-11.966558776795864,-8.228154400829226,-2.8205560334026814
3.9231290481984615,11.391090162098408,-5.904809053987265,-5.325612053275108,0.8139649704098701,-1.8852290734648705,-4.474399050697684,-4.227103851269931,3.1360009126365185,2.188360959291458,-3.184521973133087,5.247474069707096,-1.0257920734584332,-4.105435952544212,7.152422658749856,6.438201047480106,6.902641981840134,-1.682769000530243,-3.7518710474832915,-1.1235899403691292,7.691816980019212,0.07972200401127338,5.179630987346172,10.202600970864296,4.299461514921859,-16.66196710243821,-11.335150472354144,0.7408630475401878,7.006870061159134,0.25767697021365166,42.76156002283096,7.858744805678725,-0.05666699120774865,4.134573700663168,-1.6770729403942823,-1.631832916289568,0.4347394034266472,1.2934539951384068,-7.208377590868622,-3.984147504903376,4.931950256461278,-0.8910266431048512,1.4242450706660748,-0.7868960089981556,1.2733820639550686,6.480330233229324,-2.0817739740014076,-10.337593011558056,1.3233189219608903,-1.404518305324018
2.295939137460664,5.601524969562888,-3.075777940452099,-2.5623699426651,4.442302975803614,2.432053425349295,-1.839864945039153,-1.7422484431881458,0.1633381936699152,1.9841740243136883,-0.633844967931509,0.8625961020588875,-1.3463661056011915,-2.6617550048977137,2.567051031277515,1.1704660095274448,0.8073580209165812,0.5663560023531318,-4.303840896114707,-2.3775568464770913,2.7833799719810486,4.235440004616976,1.988976988941431,1.368367038667202,-0.2139990348368883,-19.499850004911423,-7.898457899689674,1.02606800198555,5.591426067054272,-2.7054669745266438,40.16937966644764,2.016544862650335,-1.8803510703146458,-1.00623784417985,-1.6785980593413115,0.8722804309800267,0.3163530230522156,-0.970005989074707,-1.4589258804917336,-3.9266499876976013,4.070162121206522,1.0327210575342178,1.8719659820199013,-0.5963422022759914,0.19153209403157234,3.246520921587944,-2.9996050000190735,-5.502536961808801,-1.5785570293664932,-2.0658409958705306
0.8631813642568886,9.661648094654083,1.7391388749238104,-3.0905721047893167,8.205160979181528,-1.9279877208173275,-17.321536906063557,-14.13029162818566,-5.511370092630386,7.433236949145794,-6.885368977673352,0.7344691907055676,-8.565804153680801,1.502211969345808,16.185994129627943,5.096650009974837,0.5391499884426594,-0.13045310974121094,-5.5056879092007875,-6.929156745783985,1.631923047825694,11.35400198213756,3.6550234463065863,6.01886291988194,6.66619691811502,-38.94761312752962,-17.170304905623198,7.623970940709114,14.714197814464569,-9.719110889360309,84.3746398538351,4.921520998701453,-6.480435028672218,-7.835313992749434,-5.718907872214913,0.7280297251418233,0.021627101115882397,-1.5641846247017384,-0.8918229192495346,-12.384553890675306,2.1990041956305504,4.186555847525597,-3.044559944421053,1.5362084860098548,0.23778396099805832,3.879389028996229,0.5789140276610851,-7.388456706888974,1.6208650469779968,4.939284993335605
0.3516350481659174,1.9885560423135757,-6.5437629371881485,-1.8765100538730621,3.312950983643532,0.5011770091950893,-0.9989549200981855,-3.1660156496800482,4.039890065789223,2.24436562822666,1.229086022824049,1.533789087086916,0.40255190432071686,-1.5745178647339344,4.576136924908496,1.5384839810431004,0.3719244198873639,1.5673359170323238,-0.9808009620755911,-1.8296290375292301,2.247095935046673,3.641690048389137,4.2943660989403725,5.610208049416542,-1.9504680335521698,-8.97406792640686,-2.0552319567650557,0.070030078291893,5.717249110341072,1.8228250779211521,24.930420085787773,4.988471992313862,-2.9764810241758823,2.30044921283843,-2.31992307305336,1.1028000861406326,1.5037169286515564,3.063513956964016,-0.322533942759037,-1.862722024321556,4.689699079841375,-1.2506081711035222,0.5318269627168775,4.371819049119949,2.1649580597877502,5.143294960260391,-3.4963959977030754,-3.8357828818261623,0.5215909667313099,1.735458068549633
4.537534050643444,13.459767950698733,-6.700266940519214,-2.323712032288313,11.166981842368841,0.925696112215519,-8.380295901559293,-0.9699142025783658,-4.979306972702034,-1.0737560060806572,-6.019746037200093,3.221692107617855,-5.786910131573677,-1.437087164958939,8.441567045170814,5.222856029868126,1.780716048553586,1.2240809835493565,-8.992100764065981,-7.6828570403158665,6.267024386674166,9.296570017933846,3.8266279362142086,2.2774151179473847,4.946129996329546,-36.61702001094818,-7.4974129889160395,6.231146713485941,4.7159991674125195,-8.898586126975715,74.30594970285892,7.147221830673516,-5.893929079174995,-1.6645998821477406,0.08093536169326399,-1.6009587496519089,2.6019149348139763,0.24281395226716995,-1.7014940809458494,-9.083788130432367,0.6886311080306768,3.279757692478597,-4.16772884875536,0.4618100170046091,-0.007906073704361916,2.2830389365553856,0.020743797533214092,-7.471981797367334,-1.7467219699174166,0.922970037907362
2.8107469901442528,11.041200056672096,-6.2932702410034835,1.9389099068939686,-5.525398483499885,-4.6341230645775795,-1.4226831533014774,-4.2118635405786335,-2.3722300305962563,4.971802968531847,-1.3093260619789362,7.024736188352108,-2.0714761801064014,3.924352901056409,-3.438736970536411,-4.48996002972126,-3.572265420865733,2.151610054075718,-4.249780723825097,5.675478026270866,1.6806949153542519,5.119200041517615,-0.2788171097636223,3.186767041683197,4.091616831719875,-16.290183752775192,-1.85493419226259,4.348533038049936,-1.455063859000802,-5.048719994723797,38.15837640315294,-0.7916500717401505,0.8657227228395641,6.57575509120943,-3.3784098425967386,-2.7729345429397654,8.201180890202522,-2.245294027030468,-0.32055103965103626,-2.243485644052271,6.723813081160188,-0.7742199366912246,-0.3896569386124611,-2.8871893156319857,2.3180800080299377,-5.438459061086178,0.640729762846604,-8.325452961027622,8.035626012831926,7.121763072907925
1.5863800253719091,11.524293079972267,-3.423654006794095,1.0857848217710853,7.740077052265406,4.449028145521879,-9.792547918856144,-3.934274178929627,-1.7310609929263592,14.086104878224432,-2.098612979054451,9.577604912221432,-5.42290220502764,4.288845062255859,10.7532090973109,-1.1427403585985303,5.024205137044191,4.308493072167039,2.992844944470562,-2.6573200337588787,1.4022959135472775,12.504505964927375,-0.475790174677968,6.6620210483670235,4.5153489112854,-24.40708724781871,-11.400439947843552,-0.41236211359500885,6.817330088466406,-4.738584206672385,43.68948069214821,8.594442926347256,-0.5516371075063944,1.465264190279413,-0.3767559975385666,1.836276755668223,-7.100183004047722,3.173103991895914,-0.6943019703030586,-11.577152502723038,3.3891591764986515,6.598178162937984,-0.5339449420571327,0.9159628748893738,1.8247734706383198,-3.3422929495573044,-5.372873891144991,-4.667435908224434,4.751120029017329,5.7863840367645025
-0.9551578871905804,9.820542186498642,-7.171864978969097,-1.3513640835881233,-2.3422020711004734,-0.7463998943567276,-10.22013008594513,2.41482439218089,-1.2086300402879715,-7.376985885202885,-4.53696315549314,0.37601910531520844,-3.0206819847226143,-1.1825501266866922,5.772841028869152,5.853337936103344,3.7076230123639107,-0.3237050212919712,-10.17297381721437,-4.324655033648014,11.130820905789733,2.4622580111026764,-2.3361789882183075,5.569713033735752,2.7721599377691746,-15.63055995106697,-3.417199946939945,2.8074327760841697,2.737226113677025,-1.427992057055235,31.835639730095863,5.858809843659401,-0.9867981635034084,1.8422580788028426,0.9051928725093603,0.7399720065295696,4.468687914311886,3.966208964586258,-1.846123032271862,-3.2113760001957417,1.0115559995174408,0.029303438030183315,-0.6443899050354958,0.25677599012851715,-0.4557599760591984,3.1285310089588165,-1.0573549270629883,-8.011682905256748,2.157356956973672,-0.9645680449903011
6.660179980099201,6.315375065430999,3.2133540585637093,-5.188083969056606,10.40247249044478,-0.4933159649372101,-2.5761578022502363,-0.13007533410564065,-1.7563400398939848,4.486029074061662,-2.9850389305502176,5.215975116938353,-5.728389113210142,-4.925159029662609,9.225463919341564,6.956581406760961,1.9474639669060707,-3.3475820533931255,2.195835141465068,-8.973852023482323,-1.789144590497017,4.12674308847636,2.9790380727499723,2.365500971674919,7.466223368421197,-26.367579758167267,-10.063469991087914,1.0415159594267607,9.740251146256924,-4.187264328124002,53.37028016149998,8.79299383610487,-4.573881953954697,-4.5391059426474385,-2.834472360787913,-1.4033579044044018,-0.17163703218102455,-3.5054009929299355,-1.9564368687570095,-7.495180953294039,2.9070911929011345,-0.5346410982310772,-1.9029170208377764,5.871925041079521,2.3742750203236938,2.946376044303179,0.5184569284319878,4.004610225558281,-0.6012469753623009,0.24164397455751896
0.5590137951076031,4.839724047109485,-1.4137198887765408,-1.062690393999219,2.039254914969206,-2.4777330197393894,0.6639551897533238,0.8617724343203008,1.551586341985967,0.6007229834794998,1.0332736456766725,4.4734511859714985,-2.412119058892131,-2.3022630140185356,2.2492375193396583,4.376273959875107,0.21424997597932816,-2.322703953832388,-5.009150763973594,-2.458528883755207,3.6452213525772095,2.6375440694391727,2.687706023454666,2.15858041215688,2.6228819321841,-12.946880012750626,-4.45316993445158,0.5711940675973892,6.510970115661621,-1.364520937204361,28.66797997057438,2.834671890363097,-2.892954997718334,-1.2679179182159714,-2.5625939380843192,0.5981099647469819,1.569461988285184,-2.7863720394670963,-3.003440893255174,-3.7315389402210712,5.975068151950836,-0.17214119620621204,0.22208502516150475,-0.7012770287692547,-2.2985039614140987,4.311520949006081,1.305368862580508,-7.625669941306114,-0.5254519805312157,-3.0539730489254
-4.240532075986266,13.82616013288498,-6.201361954212189,-1.7311228699982166,2.7356839776039124,-0.418038044590503,-9.844986198004335,-7.655120991636068,0.7750980090349913,4.56184297055006,-0.42438400350511074,-1.151368910446763,-2.654954300262034,-3.1717070024460554,5.397398041561246,-0.5348819196224213,1.5145102879032493,3.4840770503506064,-8.490111766383052,-2.6048840135335922,2.875006935093552,7.6491601169109344,-2.832808006554842,6.7787631042301655,0.7626219280064106,-23.423809841275215,-13.506810825318098,-1.7745190188288689,6.561501017771661,-1.2738278843462467,51.65551168471575,1.1196138635277748,1.1194199789315462,-7.123177245899569,-2.5639080069959164,1.1076460853219032,-2.613331014290452,-0.5075459703803062,0.9143029510451015,-4.076351100578904,4.350780077278614,1.354678925126791,2.3179969415068626,1.788282997906208,2.0344190802425146,3.441555976867676,0.2254461646080017,-10.179224848747253,-0.6462930217385292,1.06503576785326
-3.108931163325906,13.69691313803196,-1.3679660335183144,-1.686095966026187,-1.6398760192096233,-4.773843992967159,-13.661825075745583,-12.341547999996692,0.2732609771192074,3.346128550125286,-1.3144065379165113,-1.5808288548141718,-6.5663082944229245,-2.1036059614270926,6.629964979365468,0.20343647059053183,0.522082993760705,4.604336114600301,-10.665107841603458,-3.1871241480112076,5.718081897590309,7.203161062672734,-2.047277041710913,8.580983072519302,0.7039429098367691,-24.268647130578756,-9.814550932496786,-0.7081420496106148,5.43881709035486,-0.8650659509003162,53.26771158725023,1.713967889547348,-1.3439040528610349,-3.0515733628417365,-0.4859021552838385,-2.03477893024683,-1.2199401035904884,1.798990048468113,-1.7147260025667492,-0.31878659036010504,5.8946987262461334,1.3483559340238571,4.897488921880722,1.8153339195996523,-0.026001950725913048,2.348880983889103,0.9312901571393013,-8.875259809195995,0.9108261433430016,1.316082902252674
0.1698059570044279,9.363301061093807,-3.878917906433344,-3.215388834476471,4.632030186010525,0.03051996184512973,-13.271065086126328,-4.071503686252981,-1.805234634433873,-0.46641507372260094,-0.4099746812134981,-2.7196909561753273,-7.682221335358918,-2.622946985065937,7.312718981876969,4.276239071041346,2.633937956765294,-0.48304398264735937,-11.315627733245492,-5.076359048485756,1.3787699029780924,6.4239101111888885,1.1508570313453674,6.491366099566221,-1.185106087476015,-34.087979927659035,-9.214628923684359,1.7634949162602425,8.02555603068322,-5.028892915695906,73.7827118113637,4.854265911504626,-3.782077105715871,-3.9968932910705917,-1.8094201583880931,-1.621477103792131,-1.9265040457248688,-0.781143069267273,3.1039709861797746,-5.795877078548074,-1.1467370130121708,0.4971819445490837,1.7227079458534718,2.2704820409417152,-0.26290993951261044,4.776221036911011,-0.8474760139361024,-12.36074984818697,-1.1227440014481544,-3.3059377633035183
-2.071409100666642,10.354671128094196,-5.589026898145676,-2.802320858463645,2.851981984451413,1.9024818907491863,-10.602955006062984,-8.438111000228673,-1.7702552197151817,3.5560009479522705,-1.3580960016697645,-2.582178930286318,-4.977312375791371,-3.2457940485328436,6.526807140093297,1.5606920570135117,2.715669935569167,2.182270056568086,-10.757924744859338,-4.853293962776661,5.189467916730791,5.929921118542552,-0.5167339742183685,5.5627266021911055,-0.44169807061553,-30.101490154862404,-13.116890873759985,2.6407449059188366,7.77993097063154,-4.559452794492245,66.40693164616823,-0.04538610577583313,-1.9829340633004904,-5.462967277213465,-3.50389485177584,-0.37710802955552936,-1.6377477934584022,-0.6581289153546095,2.5843789422360715,-4.488954113796353,3.2322010546922684,0.8583216965198517,1.830395933240652,1.0082970168441534,0.013847077265381813,4.320354949682951,0.44929104996845126,-9.835622906684875,-0.1548290252685547,-2.244567170739174
4.590884066186845,5.253949694335461,-9.120342016220093,-1.4649590216577053,3.720841253641993,2.8885304643772542,-5.186108062043786,-15.957766509149224,-5.610865980386734,9.27473878255114,-6.7979969857260585,1.6338648586533964,-7.617328949272633,5.606853034347296,4.214896019548178,-1.646364986896515,3.725268468260765,-0.4624050185084343,1.1212370895955246,-11.543503100983799,5.183035857975483,9.255077060312033,-2.6738579124212265,7.730424962937832,1.620453830808401,-24.235446956008673,-21.76524990797043,0.7869755624560639,5.224848821293563,-7.663467075675726,60.0841099768877,2.010845994576812,-4.0331388846971095,-4.203617971565109,1.953200951218605,4.521453413181007,-2.3110690601170063,9.7779879309237,-7.8662983370013535,-5.496815395541489,8.08818807080388,6.5702921997290105,3.5872859954833984,3.062785003334284,3.4403249733150005,1.6184380501508713,4.402928056195378,-4.836792464368045,3.4506419096142054,5.5023901257663965
4.946575049310923,8.043510973453522,-5.828855916857719,-2.876580096781254,10.059963021427393,0.2634070310741663,-5.130748866125941,-2.0905519728548825,-0.33009119384223595,2.098689943552017,1.2841935930773616,4.397763051092625,-0.7282750392332673,-3.314138952642679,5.403737452463247,1.0374460238963366,-0.6868746574036777,-1.386829987168312,-3.4942708518356085,1.4811410680413246,3.1655171434395015,3.5497960783541203,0.476528107188642,2.611189668998122,2.7317928951233625,-14.711119890213013,-4.159249976277351,-2.413358934223652,3.6178200393915176,-0.4175649844110012,31.580479994416237,1.8977579846978188,-4.954380098730326,-2.7496679296600632,-2.7339339044410735,-1.9156470731832087,-0.04682200402021408,-2.901219978928566,-1.9683988941833377,-0.9777669794857502,1.9231341015547514,-1.25745867844671,-2.238897029310465,-1.2446149736642838,-0.8878379724919796,5.887072928249836,-4.0407640361227095,-7.480719909071922,-1.1765750125050545,-3.6724239494651556
1.656641426263377,19.410336108878255,-6.089456803165376,-5.518314050510526,16.179547084495425,-0.8169019408524036,-16.779269963502884,-7.493535760091618,-5.6973487585783005,8.10641385242343,-5.6468519158661366,1.2149330005049706,-6.769976206123829,1.9339739549905062,22.926873879507184,1.006838803179562,-0.24585426319390535,-0.008683980442583561,-10.531774537288584,-9.559460178250447,4.318316031247377,17.402031152509153,11.490598633419722,2.401725172996521,14.168469060212374,-43.15204009413719,-20.155889060348272,8.677500048652291,20.486867809202522,-16.275846837088466,104.87656964361668,14.913979957811534,-14.786047095432878,6.238558118988294,-9.487934487173334,1.956665014848113,7.291107956320047,-2.6499921018257737,1.075359996408224,-8.185520991683006,0.028705082833766937,-0.9051143135875463,-3.539495926350355,-6.147169828414917,9.938001967035234,-0.10985987191088498,-3.9077289206907153,-16.434999825432897,4.654608597513288,0.41198393423110247
3.0706060007214546,4.215202026069164,-6.1138429418206215,-2.9607669673860073,4.46715097501874,3.6944299414753914,-3.5769689679145813,1.2949123629368842,-3.8888104166835546,1.9849259587936103,-0.35327435191720724,1.9328661188483238,-1.8207210768014193,-1.051209930330515,7.717161942855455,1.2986139804124832,-1.4737559892237186,0.8389181364327669,-2.73585288785398,1.66559898853302,4.1923081572167575,5.241703035309911,2.702431049197912,3.8176616253331304,2.9020899515599012,-15.60950979590416,-5.340660020709038,-0.6808228921145201,6.477715074084699,-0.8912160284817219,37.21073976159096,3.412228010594845,-0.8840490877628326,1.0933971128542908,-1.440452203154564,2.03885592892766,-1.6536770276725292,-1.2252759682014585,-2.1493949368596077,-5.166059957817197,-0.3685339093208313,-1.5148999094963074,-0.8065258786082268,-0.01542794331908226,-0.3306329492479563,3.2125769536942244,0.0580309834331274,-7.744289834052324,-3.0052602605937864,-3.159756988286972
-0.5387699790298939,2.2247940450906754,0.13187698274850845,-0.5924769677221775,1.3675970174372196,-1.9915889408439398,-2.939244857057929,-2.5654756822623312,0.14297678641742095,2.067601051181555,3.5457256087101996,3.2371811382472515,-1.4405100606381893,-0.2997688874602318,1.9113759637111798,1.4849720802158117,-0.7261330205947161,-0.9760299175977707,0.8154381094500422,-2.131526842713356,8.057971999049187,-0.7382279895246029,-0.2578110992908478,6.9010800793766975,-0.4181048240279779,-11.434720057994127,-4.542692977935076,-2.840825902298093,2.7068151272833347,-0.7550669871270657,30.131879657506943,1.5006170123815536,-0.28403059678385034,-2.6201279183733277,-1.1594599161762744,2.3544389535672963,0.36032596975564957,0.17261501774191856,-4.670178989879787,-2.170804147608578,6.872070235083811,0.029671020805835724,0.3040274470113218,-0.8389370180666447,-0.4050679989159107,-1.416522708721459,-0.49627805734053254,-4.3065989054739475,3.144670069217682,-2.583773948252201
9.841936875134706,14.6526267696172,-2.5312068294733763,-13.789844043087214,9.182527031749487,-9.529694072902203,-16.312524903565645,3.689589840359986,-13.61992024310166,1.5038493839092553,-7.438256897032261,6.2524242997169495,-11.096613484434783,-4.826899925246835,24.561302728950977,10.694189752452075,5.589455981273204,3.507653083652258,-14.697809694334865,-9.23519391566515,4.42512584477663,14.574486022815108,13.464252390433103,11.48529165610671,16.96039956412278,-50.8766778530553,-15.282770186662674,5.763703096657991,14.988194212317467,-10.537972897291183,106.69776035100222,14.833709955215454,-6.6783442329615355,-6.46364535720204,-0.7018978998530656,-1.5846311594359577,7.039930178783834,5.240569135174155,-0.9267454808577895,-12.434701927006245,-1.3419192391447723,-0.17552982922643423,0.5103380978107452,6.45918945223093,-0.9143670275807381,6.919575466075912,-1.4047437976114452,-11.471519521903247,-1.5626894538290799,5.465835016220808
6.115785840898752,8.380412977188826,-1.8978611193597317,-3.49573209695518,13.568433744134381,-0.8175800181925297,-17.872252084314823,-3.826700714882463,-4.749149706389289,-4.524379890412092,-0.2079335697926581,2.024901147931814,-9.813777675619349,-2.89496498554945,12.521607809700072,1.0034524146467447,-0.5055448897182941,-0.3688309097196907,-7.1866516740992665,-8.902544980868697,5.062247287016362,6.618703044950962,2.7416250351816416,7.829470060765743,0.8164968602359295,-39.094262812286615,-8.540934081189334,-4.286952110007405,7.617980137467384,-7.830484519712627,97.31607946753502,12.64358208142221,-4.877018049359322,-4.180502852599602,0.9757920901756734,4.843555760104209,-1.0331100523471832,1.020906936377287,1.4911071895621717,-5.43459924403578,0.9464212171733379,0.20827005244791508,-0.7936000935733318,3.493441983126104,-1.1329952711239457,2.4854502892121673,-3.473523984197527,-6.717174910008907,-0.3034789692610502,-3.291280996054411
0.7522088624536991,10.928166983649135,-3.453833993524313,-1.7544425185769796,1.3612458687275648,-1.0963919460773468,-5.821440072730184,-4.339141639415175,-1.2974660396575928,3.318504124879837,1.4102761000394821,2.602599114179611,2.8459599763154984,-1.0308119729161263,2.8329339653719217,6.588359981775284,-4.059367049485445,4.8493339866399765,-10.380417754873633,-7.317728728055954,12.25944696739316,0.6362360659986734,1.7762600891292095,2.4172570630908012,-2.008904080837965,-17.499843955039978,-4.290829911828041,5.554331086575985,6.870147958397865,0.020363066345453262,44.280970111489296,3.0520939771085978,-0.15755604952573776,-3.144681940029841,2.8520288914442062,-1.6416859105229378,6.120264858007431,-4.189239956438541,-6.598434887826443,-0.9234621645882726,2.5414010882377625,-1.8742630183696747,0.1836910918354988,-1.825588971376419,-1.329537931829691,8.461367838084698,-5.862857826985419,-11.045949801802635,-1.8689239472150803,-5.4104452366009355
-8.802153959870338,13.381791308522224,-13.139822632074356,-6.246776517480612,9.939888056367636,-0.3807317093014717,2.4543430265039206,2.6983240745030344,-7.85669931396842,9.823500201106071,7.965773835778236,10.762607567477971,-1.2416631001979113,-3.1970240995287895,-0.2821928405901417,8.531390078365803,-2.7828461304306984,2.7328260466456413,-8.295309973880649,-2.189739152789116,-10.366699621081352,3.245015289634466,-0.7418360784649849,-0.40840589813888073,4.197077423566952,-16.674389712512493,-20.58074565976858,3.7109701335430145,12.386953798588365,3.101409098133445,40.03645720612258,6.736802991479635,3.532669346779585,-0.7981978749739937,-1.7050933986902237,-1.212964966893196,3.6523052365519106,-11.565899848937988,-6.510307772085071,-9.13102000951767,-1.5108000747859478,-2.379119783639908,-12.129177667200565,1.667409986257553,-0.8282040022313595,12.215988047420979,-3.5213459357619286,-15.855419993400574,-6.6954203099012375,-4.165710240602493
1.95718780066818,4.527041971683502,-11.046788960695267,-14.470912147313356,15.715883534401655,0.4012231519445777,-7.050865717232227,-5.799380656797439,-7.338131070137024,21.29068073676899,-2.774534930475056,8.371863938868046,-10.560043942183256,9.452322164550424,15.578097883611917,0.016415948048233986,-6.570246040821075,-4.531438124948181,11.70488398335874,-9.705353364348412,-6.827184151858091,18.936588052660227,4.783194020390511,4.560896824114025,13.960834003984928,-44.69400802999735,-31.88345754891634,9.99480696581304,26.278265258297324,-21.339604787528515,82.76122063398361,16.406994866207242,-8.34676893800497,0.13040402327897027,-10.393621981143951,6.109374977648258,0.5550959194079041,14.110592851415277,1.1057580765336752,-13.74308649636805,4.0100681483745575,1.4232907947152853,-2.5774069782346487,8.043926890939474,6.2295330706983805,-5.514379665022716,3.1045839712023735,-17.048971064388752,5.284341091290116,8.472700979560614
7.280120049370453,18.96910984814167,-4.240165531693492,-6.76243007555604,19.25015516206622,11.74500635266304,-19.094081168994308,2.447452830383554,-9.165012638783082,3.420845947228372,-2.4557738844305277,7.964122308883816,-12.43899220880121,-3.576304953545332,18.96859073266387,1.323235722258687,-6.784493927843869,0.44296105671674013,-7.1038688640110195,-11.000021741725504,0.6643198262900114,21.35806105285883,8.795575569849461,1.3485776716843247,11.52754683047533,-53.463939785957336,-19.079649105668068,5.628572905436158,16.87495525740087,-15.626642998307943,105.80878008902073,14.993030026555061,-2.0099260564893484,-3.495348163123708,-2.548224025638774,1.1351012415252626,-0.3722396403027233,2.491992499679327,5.345261405862402,-14.637505013495684,-0.8263009171932936,2.767905400134623,-1.9513273278716952,-2.505699107190594,4.684062986634672,1.5621959492564201,-6.615257035009563,-22.01137787103653,-2.348774316255003,1.1573219140991569
6.290961099788547,13.814394680783153,-11.729160017333925,1.2767270393669605,7.635102014988661,-1.652580015361309,-13.823645952157676,-4.841470943298191,-3.8647538013756275,3.176203069742769,-8.766130586154759,-1.8120056876214221,-4.294460147619247,6.005383035168052,12.313733290415257,0.9996897345408797,-2.5219899136573076,0.7759170904755592,-6.025132671347819,-6.909497949294746,-1.236920009367168,12.633581936359406,0.6552330842241645,5.184873984195292,5.668876972049475,-28.926780074834824,-10.63768994063139,7.746903074905276,14.790198273956776,-2.8715748046524823,72.86050566472113,12.892829860560596,-11.699483130127192,6.269368379667867,1.2965499758720398,6.464725548401475,0.7401544484309852,2.104536053724587,-8.641952967271209,-8.251240042969584,-1.5268609207123518,3.066090094856918,-4.177626882214099,1.563832139596343,6.788940570317209,4.287421952933073,-0.7182237808592618,-8.390327844768763,3.212848653551191,-1.5684587669093162
-2.215825967490673,8.736727119423449,-8.122409842908382,-0.4834683407098055,6.089424625039101,6.063265868462622,-10.919351063668728,-5.39862551772967,-6.548472851514816,12.643010036088526,-2.572021448519081,7.1330001428723335,-12.830363919958472,5.977057193231303,14.817723652813584,0.5662408997304738,-3.5201713740825653,-0.7247259677387774,-2.9111823178827763,-8.864575136452913,12.030982836615294,21.204126060009003,0.3424910898320377,8.807101108133793,7.049434798769653,-27.972109077498317,-14.88485611975193,1.116900011897087,6.427747957408428,-8.147917959839106,65.62780918180943,3.1109698778018355,-2.185517020523548,-0.5990426588687114,-1.6197806370910257,4.638288088142872,7.806588061153889,-1.4815569780766964,-5.0709569050814025,-10.617165952920914,10.227418058551848,6.507579072378576,-7.916378904134035,-2.181153044104576,4.2877050042152405,-0.8033871278166771,0.5844422582886182,-14.402380846440792,2.4501031171530485,4.42170924320817
-5.141682825982571,5.440351948142052,-12.605065144598484,-2.0213070809841156,10.798546951264143,0.7013568840920925,-5.155740052461624,-10.874231538269669,-4.377920938655734,5.462905960157514,-2.9973874827846885,1.1781899742782116,-0.6991259381175041,9.463598003610969,3.7350119315087795,4.06147905997932,-0.40276847034692764,2.5106060951948166,-0.8472969811409712,-10.444086108356714,-4.789792001247406,13.86309190839529,-1.320780012756586,4.496814914047718,2.9809023276902735,-12.484000116586685,-12.938219167292118,15.038909807801247,15.202016867697239,-7.936070809140801,28.231639487668872,5.796613931655884,-1.1176860220730305,5.3596590997767635,-0.6278100963681936,6.172995027154684,-2.911484967917204,8.047892041504383,-9.84291373938322,-12.814733907580376,6.915765296085738,4.13949197717011,0.6798850335180759,4.281326949596405,7.312021069228649,-5.512888932600617,5.1231442666612566,-12.871045745909214,5.343496988527477,4.904824097640812
5.447780050337315,16.21101094968617,-11.788526369724423,1.6166650392115116,17.898769974708557,6.092800116166472,-8.775599916931242,-11.519709604326636,-4.225488029420376,4.743448931723833,-0.9354638368822634,6.090361967682838,-1.6017699614167213,-5.297546471003443,14.837932147085667,2.2661814563907683,2.887222873046994,0.47818497382104397,-7.992301877588034,-14.579022272489965,1.2459060936234891,3.187477915547788,5.926778975874186,-1.1699108816683292,-2.8119320953264832,-29.0384480971843,-16.59749001264572,10.909753926098347,12.928179142996669,-20.256553879007697,74.37044062511995,4.600700803101063,-1.1157891266047955,-0.4905118200695142,1.0822098329663277,9.25363231357187,-1.6134450933896005,1.3993165325373411,-3.920445605646819,-8.084882985800505,3.7259091082960367,2.430120642762631,0.7839181931922212,-0.37894707842497155,8.94831395894289,-1.3391179963946342,-0.4214406656101346,-15.775094006210566,-4.379924967885017,-11.628567659296095
-3.125679077580571,10.826520070433617,-7.04141298122704,-3.823824889957905,4.03634387254715,0.6444519343785942,-13.497475244104862,-9.855884049553424,-1.1244199890643358,5.27630003192462,0.7274839598685503,-0.8874989990144968,-3.339731295593083,-3.1628840174525976,7.742978015914559,1.7997349798679352,3.3334820214658976,2.6596140833571553,-9.28885075636208,-4.740636156871915,3.7040109620429575,10.089665107429028,-0.6816140115261078,6.462877094745636,0.6264818571507931,-30.474919721484184,-12.519260924309492,-2.3855490908026695,8.775184037163854,-3.347479898482561,71.33401233702898,1.5850499104708433,-1.4718350674957037,-9.656047419353854,-1.6045159921050072,-0.022117912769317627,-0.27386192977428436,1.1790499947965145,0.34755198875791393,-5.164401168003678,1.373010043054819,0.8603859338909388,4.681289955973625,1.777708062902093,1.8920300845056772,3.0385399982333183,-2.887665830552578,-12.606076780706644,-0.6828010082244873,4.039135776460171
-2.7278910521417856,10.976084157824516,-8.771863110363483,0.1489440593868494,-6.297795951366425,-6.960698960348964,-12.646815069019794,-7.732348021585494,1.1352419704198837,6.115465894341469,-3.3972524791024625,-0.7656139433383942,-4.050023197196424,0.05429405905306339,5.175764003768563,-2.900403082370758,0.21471994556486607,1.8599701020866632,-2.8652671361342072,2.310896947979927,3.1821068436838686,8.213615102693439,-4.44522600620985,10.718129016458988,-2.7558381222188473,-15.844433911144733,-10.748430859297514,-0.6778600225225091,3.02279098238796,-1.9171177931129932,32.55961162596941,-0.3873081337660551,-0.5124899875372648,-3.777201334654819,-2.904190991073847,-1.251460861414671,-3.514283038675785,2.0957519374787807,1.1197439565730747,-2.1729851104319096,5.278019085526466,2.475101115880534,4.024949952960014,0.7432169187813997,0.9126589354127645,1.0949080027639866,-0.02408478781580925,-7.995609819889069,2.237980954349041,6.961266987025738
-2.102359987795353,5.014862811658531,-0.8049469739198685,-0.32151702232658863,1.044128980487585,3.7854140922427177,-6.44018498621881,-1.2283676662482321,-0.06305202841758728,-3.6032439824193716,-2.6196954241022468,3.6095461025834084,-4.641540020704269,-3.5149979516863823,3.4434769643703476,3.5693399757146835,2.8493150174617767,-1.8166499584913254,-4.1802908685058355,-1.194809004664421,3.6642699539661407,6.3015200681984425,2.6457400117069483,2.2796134147793055,1.9689139556139708,-12.012605004012585,-0.3426499366760254,0.6181700527667999,3.032605078071356,-1.9352550022304058,18.3418098539114,-0.7199020273983479,-1.3719370439648628,-2.889325363736134,-1.0489456858485937,-2.113783933222294,0.42691195756196976,-1.5661470517516136,-1.412079893052578,-4.076620049774647,4.404298130422831,2.986809939146042,-0.4818120077252388,-4.089886214584112,0.6705300472676754,3.655822928994894,-1.010395996272564,-5.519727945327759,-2.8760099709033966,4.249209970235825
1.0134909749031067,11.948587015271187,-6.298637956380844,-5.345149010419846,4.60056425537914,-0.050208985805511475,-6.942271955311298,-0.24014560272917151,-0.09992604702711105,-0.3065800368785858,-2.2604254549369216,6.459336116909981,-2.776996061205864,-2.161419004201889,4.270823858678341,2.0748539939522743,-4.084941029548645,2.315847985446453,-2.9906238727271557,-2.3560710679739714,2.1040991391055286,8.118766024708748,2.174842018634081,4.186762797427946,5.055859863758087,-20.7243699580431,-12.24279598146677,6.044936016201973,7.4425971526652575,-9.84257298335433,35.758739605546,8.121175028383732,-3.361810871399939,3.409968016494531,-2.8727095088688657,1.0098690260201693,2.395379999652505,-5.026619970798492,3.0161799266934395,-3.6075570322573185,1.2229730822145939,-2.489511877298355,-4.258983947336674,2.1755600571632385,1.1472129374742508,0.4462679848074913,-0.7084430530667305,-12.654379978775978,3.2232000045478344,-2.8290340173989534
4.6395541206002235,10.909509055316448,-10.75313287973404,-3.135976079851389,9.517190892249346,4.021614000201225,-12.335614969953895,0.697420357260853,-3.1080532414489426,-1.912785951513797,-3.8984834207221866,-2.0723627880215645,-2.296601068228483,-1.803474048152566,9.561788440332748,1.7351527335122228,-2.1151539981365204,-1.583546968176961,-12.04005073569715,-0.3856288865208626,10.260548077058047,9.00190114788711,-0.14019500464200974,5.383728258078918,0.9780740197747946,-29.516569782048464,-5.091980010271072,2.7209709882736206,5.615428056567907,-2.5536349825561047,60.528579726815224,2.8273230269551277,-3.981910092756152,0.4455271608312614,0.7483290906529874,0.6283410028554499,3.0762541535077617,-3.615550920367241,-2.4338828986510634,-4.458205111324787,0.291575989453122,2.540385853499174,-1.7927989680320024,-4.409702863544226,3.7880890257656574,5.936642959713936,-4.83081608498469,-11.64761383831501,-0.03466237196698785,-5.222419019788504
1.0494390204548836,7.966920918785036,-4.559268906712532,-1.857039988040924,0.14731397852301598,-1.6528260707855225,-3.961576020345092,-0.6114466586150229,-0.3392198197543621,2.4964940971694887,0.942289752420038,1.6643702909350395,-2.243660070002079,-3.3209279850125313,2.9476017697015777,4.19882202334702,0.009883075952529907,-0.3993949657306075,-6.539946807548404,4.204549059271812,9.67401085048914,6.256331045180559,2.954959984868765,6.205429395660758,1.0250420179218054,-17.166349977254868,-4.618869915604591,0.2132270261645317,2.8082999140024185,1.37996506690979,37.11429990828037,1.0303418366238475,-2.079075086861849,-0.7324379032361321,-2.2295230217278004,-2.436485916376114,4.258926972746849,-1.0053968653082848,-3.15944991260767,-4.035389930009842,6.327910084277391,-1.5718182371929288,0.7233959715813398,-3.8736800104379654,-0.2517379857599735,5.975122902542353,-5.113975889980793,-8.132040962576866,2.931167095899582,-1.7594482162967324
-4.370957540348172,2.2576298490166664,2.5738726761192083,2.5530149172991514,6.081264089792967,-3.8988697910681367,-10.897715037688613,-6.56181767443195,-5.244896076619625,2.742616020143032,2.436792954802513,-0.6279332665726542,-1.2357639893889427,-6.469408029690385,4.794506945298053,2.360286995768547,-13.789498528465629,-2.7632020134478807,-7.531949276104569,2.116270810365677,11.877981059253216,4.076310101896524,3.3790209107100964,-2.8335278257727623,-3.7754359785467386,-7.6304042637348175,0.338895071297884,-0.7983810417354107,2.589508004486561,2.8882216652855277,34.35052464902401,2.8273359909653664,4.5502092204988,6.8411123508703895,1.6424668654799461,-9.625654101371765,-3.7020978666841984,-5.5657541044056416,-0.34497696720063686,-5.7311001271009445,-0.24092985317111015,-1.838819995522499,-0.2705818824470043,-10.140749961137772,-1.3118000961840153,6.799655839800835,-2.4931850619614124,-3.376542003825307,-0.17567302286624908,1.0108491902938113
3.2715400808956474,10.026367917656898,-6.745427330723032,-8.488578997552395,9.220569289289415,-1.79579022154212,-12.082900054752827,-1.1028454848565161,-2.3581293044262566,7.520478552905843,-8.040800938382745,-0.3115279749035835,-7.743017978966236,1.398674014955759,17.349930493161082,0.2196281017968431,-0.03549231821671128,3.066029043868184,-9.148872130550444,-10.732561869546771,-8.02776211220771,15.50819995906204,10.366337982937694,2.5829821452498436,11.231842081993818,-43.30218110606074,-25.07058584690094,10.217493917793036,16.86002331599593,-9.900999050587416,90.5292105525732,16.750990880653262,-3.0803070217370987,6.278370851679938,-3.6130248915869743,3.060255889315158,1.7976514529436827,0.2879481725394726,1.5377439139410853,-11.778372368775308,-3.3056462646927685,5.413259026361629,-4.887674140394665,4.191186849027872,11.478422934640548,1.816847037523985,-1.3825229448266327,-7.373274922370911,-1.9922240003943443,5.0470240116119385
4.803315287921578,25.18889690283686,-11.66379292786587,-5.866807961836457,17.717241105157882,9.876493924297392,-17.828922137618065,-6.221497088205069,-7.248108059167862,5.220255840104073,-8.915873339545215,7.416797736659646,-10.26634600549005,-1.7611759640276432,23.882002158090472,3.522421457339078,-1.700381999835372,-0.7024199818260968,-14.246476375497878,-15.047973134554923,-4.927170019596815,19.50927716679871,8.250115908682346,4.819747525732964,12.368332802318037,-66.00409724190831,-20.815416242345236,8.423563862219453,19.573396536288783,-18.208117842674255,132.34917005896568,9.760190045461059,-14.173411134630442,1.7097050643642433,-0.632521984167397,-0.2690866105258465,2.1504481360316277,1.6244112187996507,1.8896776167675853,-19.42666841018945,1.3937019645236433,7.068093976704404,0.32444595359265804,1.4894309219089337,4.8131707245483994,4.10011694394052,4.0345200272277,-24.135444914922118,-2.2101169880479574,5.4524172473320505
-9.477963879704475,10.62482100352645,-12.412099963054061,-4.476704113185406,0.06165555119514465,9.913957047276199,-7.404260031878948,-4.72815863834694,-13.930920008569956,9.145849004387856,6.633084896020591,-0.7389409355819225,-8.048209330998361,12.276473887264729,7.555828051641583,-4.530456991866231,3.7761479448527098,-0.7937667863443494,3.4897491578012705,9.119692135602236,3.782298918813467,5.511287018656731,1.3451299145817757,15.25862605124712,3.43664110545069,-15.52788082882762,-16.694660356733948,-8.005886074155569,-9.739000052213669,-6.672453919425607,39.36486979573965,3.3850329741835594,-0.7593762278556824,5.234968485718127,-7.013879805803299,2.315360869280994,3.9330039508640766,3.884092068299651,-5.052788071334362,6.80701435636729,3.102339184144512,4.062719762325287,-8.36180136539042,-6.573428016155958,3.0410210620611906,-0.8149731118464842,-2.0238310880959034,-9.50524603575468,-7.716375036165118,-3.3275600373744965
-2.0454900534823537,13.869155212305486,-7.081217847764492,-9.044310130178928,13.041033850982785,5.440303031355143,-13.171053929254413,-3.736833152361214,-7.547480076551437,5.513417917303741,-0.8316009975969791,6.303648084402084,-2.5475208275020123,-0.43527698144316673,5.74564913159702,-3.216508719138801,0.9543910101056099,1.3506650999188423,-6.127285812050104,-1.6821817616000772,6.539810888469219,12.268956147134304,1.175407886505127,6.938642561901361,2.937093870714307,-28.211409971117973,-9.762283809483051,-4.098612121772021,5.109512105584145,-6.739919940941036,54.204369619488716,1.43547700997442,-1.171770054847002,-10.588667923759203,1.0858280211687088,2.66203723102808,-2.473673975095153,2.9474273305386305,-2.6895718425512314,-9.028369907289743,5.271584048867226,0.836579043418169,1.2160700634121895,-0.4200074493419379,0.8182230144739151,2.318863870576024,-3.105742066167295,-15.823606939055026,-1.6153319757431746,-0.8486200571060181
1.2056719735264778,15.652431026101112,-8.975998954847455,-7.1990120224654675,11.025302905589342,13.123098038136959,-4.424314981326461,7.324683679267764,-1.834271052852273,1.0721908896230161,-2.551202954724431,7.759666107594967,-3.8592192912474275,-0.7361729368567467,5.804686058894731,0.6009747320786119,-6.283266935497522,2.5973440995439887,-1.927654942497611,-4.106955915689468,-2.274903040379286,17.964854139834642,6.785870015621185,3.64705433184281,9.785653686150908,-35.45246985554695,-16.14909255085513,9.488190054893494,10.893692361190915,-13.57516898587346,53.62269378453493,9.05055390484631,0.6778539065271616,2.4016401118715294,-1.2402909882366657,1.6666730344295502,-1.0872189961373806,-4.898228036239743,0.7867690324783325,-15.237877901643515,1.0342120938003063,1.6956760883331299,-2.4811668805778027,-4.178680002689362,4.417964871972799,-2.6025740280747414,-0.2693520672619343,-20.59075468033552,-1.3681724206544459,-1.4294389355927706
0.6387479808181524,18.355432368814945,-19.966537775530014,-10.476049095392227,19.233862932771444,15.570798920467496,-16.23641159804538,-12.732891621533781,-6.867365278827492,5.89316904777661,-10.301812909543514,4.75679699331522,1.95990392845124,8.825483951717615,22.108975749462843,3.202970133163035,0.20030848030000925,3.061222368036397,-11.580183867365122,-23.481491117738187,0.5044490415602922,8.802656057290733,12.075475119054317,15.975101945921779,2.317438893020153,-50.64460770227015,-21.876249383669347,19.39328355132602,18.70542803965509,-18.092477831989527,106.81321386247873,14.719914864748716,-10.196327320300043,9.054260957345832,-3.909049181267619,4.4865471119992435,3.6681619603186846,-4.99019381031394,-2.9190820259973407,-15.95726884715259,0.28326116874814034,8.460771949961782,-6.869692504871637,5.224659854546189,19.31289329752326,8.499226868152618,-2.618475974071771,-26.303491842001677,2.6602425421588123,-4.681546210311353
5.1436861008405685,13.894116033334285,-8.26233284920454,-4.276185091584921,11.603209976106882,1.0827130042016506,-8.167255202773958,-7.851151062641293,-1.1094097846071236,6.90558984130621,-1.585716962814331,7.064420026727021,-8.754773285239935,-3.1129059493541718,12.559522588388063,3.61089008115232,3.7987119667232037,-0.2884390829131007,-7.567298773676157,0.7688193330541253,-3.7353918254375458,4.719682101160288,5.943820025771856,7.717603771016002,8.737323826178908,-34.54064989089966,-17.54758593440056,3.980423018336296,10.501388370990753,-9.765737975016236,74.4768504947424,5.905261896550655,-9.91428205743432,2.6431361565482803,-4.314998660935089,-3.211885313037783,6.16024599224329,-6.002166733145714,-0.8589359084144235,-5.829474873840809,-0.8919362141750753,-0.4143954636529088,-7.153587978333235,-5.038058407779317,0.33003610745072365,10.542447857558727,-1.6160780689679086,-15.983029842376709,2.2529259901493788,-1.0554649978876114
-0.43792492523789406,24.31033788388595,-16.237135875970125,0.7406202214770019,13.4245770201087,-1.7693561939522624,-10.3271020129323,-9.938068807590753,3.945088739914354,8.979594960808754,-1.8452650355175138,6.520737010985613,-5.986273139715195,-1.0066000632941723,17.312725504860282,2.432954089716077,-1.0607379544526339,2.886812007986009,-9.373065369436517,-6.030781075358391,-2.733290921896696,14.130771104246378,1.4049809537827969,1.8685634965077043,11.378790881484747,-41.057019770145416,-24.5398061349988,6.440686039626598,9.911366142332554,-10.845516882836819,85.65039052069187,11.428159944713116,-9.069691143929958,-2.794179344753502,-7.061431796522811,1.4232162074185908,0.4986130278557539,0.12549008429050446,-3.483160122297704,-16.683496955782175,-1.5177819691598415,-2.429379178211093,-3.473070966079831,0.251794071868062,3.52006121724844,6.431212134193629,2.3274127985350788,-17.69031874090433,2.6187829487025738,-1.700313386041671
2.1048432015813887,22.569126093760133,-11.732930403668433,0.5580991245806217,20.60075507685542,7.646712440997362,-9.18705797381699,-0.47240676963701844,-2.3540491901221685,0.924542969558388,-3.019301837310195,13.623426176607609,-12.19150108937174,-1.9084470812231302,10.851281257928349,1.5369668109342456,2.8898150213062763,0.7355409963056445,-12.67699378170073,-9.91351249627769,-0.8857469856739044,10.842485938221216,6.06406194716692,2.0267920717597008,3.4728690292686224,-54.35926979780197,-17.50401450274512,3.02527391910553,11.428765177726746,-8.638613929972053,99.09883392602205,9.66147883515805,-7.950370685255621,-0.9668409076402895,0.4366178922355175,3.983940005302429,-0.45734849851578474,4.031392157077789,-7.127265750721563,-17.2293090634048,7.069888072088361,3.562247857451439,-3.3340723742730916,0.032502055168151855,1.2279736685450189,3.0927519612014294,-5.852206816896796,-18.75813600420952,-0.0972463977523148,-2.4086572155356407
-3.233895992860198,10.533017106354237,-11.104805983603,-4.284185903146863,0.6039539575576782,2.7421979028731585,-8.5776851400733,-5.741358016151935,-0.27401495911180973,9.597715958952904,-2.0879925000481308,-3.9545759707689285,-4.7479551685974,1.0895580369979143,5.974892044439912,-1.5743042593821883,0.5028599612414837,3.695798072963953,-7.2646177392452955,-2.4288539588451385,3.1074028448201716,13.1128601282835,-3.606456972658634,7.03816307336092,0.5807839632034302,-25.658506777137518,-13.353510912507772,2.5646589770913124,8.246785080991685,-2.5436278767883778,49.70535183697939,2.0224369931966066,-1.660523023456335,-5.543984300165903,-5.955935947597027,1.094390131533146,-0.6324179917573929,-2.0117339082062244,0.8380278929544147,-4.76405471470207,3.32785601913929,1.8757349364459515,-1.2280599921941757,0.9756089802831411,8.33833404444158,1.5268629603087902,-1.4165769033133984,-11.710346836596727,-0.6402624496258795,1.9353532738223294
-3.330956955207512,11.985967122018337,-6.761202998459339,-1.7188918832689524,-0.9733460545539856,-1.5194919984787703,-14.363005124032497,-6.458438555942848,-0.10331597365438938,5.685605943202972,-3.3698474816046655,-1.1127759665250778,-5.096724177710712,2.0198320243507624,9.864307956770062,1.5653757536783814,1.159389954060316,1.8493040641769767,-7.430484691634774,-5.017866924405098,3.1055868403054774,11.10308506898582,-2.5771020278334618,9.33755113184452,-0.6853660121560097,-30.773286905139685,-12.26515093818307,2.1332919662818313,9.230715028010309,-6.676255736500025,57.541211791336536,3.733756909146905,-3.5468260310590267,-4.7474002807284705,-4.418912396533415,1.3967881258577108,-1.3288370072841644,-0.7759748231619596,3.015315967000788,-5.233775733970106,3.5954320393502712,5.317008946090937,2.456639990210533,2.2804589923471212,6.332615012302995,1.987834021449089,-0.4168408624827862,-11.028016839176416,-0.60776142263785,4.870661981403828
13.215579136507586,10.025531991384923,-0.952943159500137,-6.246949087828398,14.455694796517491,3.025234069675207,-16.99332589749247,-4.749695769278333,-7.136755290965084,3.7799040169920772,-2.986913686618209,5.133913945406675,-10.436899974942207,-4.293701995164156,18.815774395130575,9.800735766068101,0.9212943690363318,-1.9936445448547602,-10.66327004507184,-15.385225873440504,2.1960773053579032,7.893033972010016,5.866058073937893,-2.1967128477990627,12.565108891576529,-60.39631386566907,-13.514095077291131,1.3757429383695126,13.699659314006567,-5.538952114060521,129.12733913958073,11.476189035922289,-11.536001082509756,-8.67307401652215,1.4257929741870612,-6.0088722365908325,-2.556849017739296,7.354752906598151,0.14928506687283516,-13.245618980377913,-8.30246080039069,3.488441796042025,0.5165027899784036,2.47936363221379,-3.0320640355348587,6.1484569711610675,-0.785632983315736,-7.405313819646835,-2.831779225729406,3.111080016940832
-1.074963990598917,16.122074089944363,-8.423862870782614,-11.093125903978944,14.978842090815306,2.8115899581462145,-18.145739919971675,-4.659254609141499,-4.1018320601433516,0.2799130636267364,-8.102896142750978,11.854722142219543,-9.627245213836432,2.397843962535262,22.791524708853103,8.717172638513148,-7.680614979937673,0.034092118963599205,-5.805676783435047,-18.0324738714844,1.4438874255865812,16.080478008836508,11.128755014389753,4.32062001992017,9.457188236061484,-50.2907546563074,-22.66615900862962,13.472060956060886,25.486285381019115,-18.766888972371817,99.34804647415876,21.679245011880994,-15.894923171028495,10.72353104868671,-5.411081992089748,6.437837071716785,6.478833907283843,-4.030499907210469,2.308237923309207,-13.741610161960125,-1.1942429337650537,0.7904490940272808,-11.149826048873365,9.517631189897656,9.664398927241564,2.3543657291447744,-0.3147991169244051,-22.583548083901405,1.5955704341176897,-2.25878987647593
4.488586071878672,18.541407065466046,-13.69412979669869,-13.27271269261837,22.621955048292875,6.028441290836781,-17.893484754487872,-7.0585556156001985,-13.9855341190123,-0.4920201194472611,-7.375104422681034,4.563097056001425,-2.49864708725363,6.539219979196787,14.579115514294244,6.346739452332258,-2.7335461173206568,-3.532841949723661,-5.800599193200469,-17.53135208506137,-2.6339023099280894,12.574208069592714,12.368797048926353,2.6954987393692136,8.223059862386435,-51.60408993065357,-20.844302944839,14.275108881294727,12.81999866233673,-9.4369250908494,103.65088053047657,15.113661081530154,-18.023152232170105,2.1604891300085,-10.624989877687767,-0.03866558754816651,0.28899000119417906,-1.8624868039041758,-1.1301930537447333,-10.745225224643946,0.18347002938389778,4.2392161805182695,-13.741586934775114,2.6629060804843903,17.813432905822992,6.749017291818745,-8.562481118831784,-19.26215385273099,-0.6844445979222655,-7.893422996625304
6.486880946904421,15.241685833781958,-9.250467956066132,-6.87923988699913,12.804953027516603,6.147150844335556,-11.380504792556167,0.4731973917223513,-1.0657179858535528,1.4489059746265411,-1.5828981911763549,2.643542967736721,1.7813319638371468,-4.995093036442995,12.074456967995502,3.431799076497555,-4.790315705817193,1.8460050327703357,-8.22020067833364,-7.230233788490295,4.44054456660524,9.440443936735392,3.1386226089671254,1.597903072834015,5.205468023195863,-35.76261976361275,-20.6198800355196,1.7971840351819992,15.530048068612814,-4.285556096583605,75.82276992499828,10.32869085483253,-4.633167073130608,0.353492108930368,-4.235171124339104,1.5665569920092821,2.3428431153297424,-7.846383809112012,-0.5116879269480705,-7.397573988884687,-1.6719619296491146,0.5938425185158849,-3.8854689933359623,-4.965650956146419,8.591690368717536,7.610801015049219,-9.376708932220936,-18.586641900241375,-5.217912423424423,-2.633335057646036
10.385062202811241,12.269165977835655,-11.08073677122593,-4.133220981806517,8.586833138018847,1.1866260692477226,-16.663841808214784,-1.095315660815686,-5.2811670526862144,2.2146219834685326,-6.101008498109877,4.911534029990435,-1.064793087542057,-5.0729509219527245,19.402746901498176,3.319871962070465,-4.840426046401262,-0.7649999707937241,-7.798439179547131,-1.7998258266597986,7.604368231724948,7.156174089759588,2.0516829122789204,6.829780101776123,6.5093788634985685,-25.250019654631615,-11.224318161606789,-2.9678650461137295,12.219539086334407,-6.4308620765805244,64.97786030173302,13.516482055187225,-6.699100140482187,2.0385471543413587,1.1068839393556118,0.507424047216773,3.3809008486568928,-3.2460288982838392,-2.940438069519587,-6.182488050311804,-5.891632940620184,-2.406881817849353,-2.7849569618701935,-1.2044278644025326,4.377946991473436,9.482220988720655,-3.35974794998765,-12.640723664313555,-1.250736065208912,0.703468032181263
3.7941980995237827,6.2475460432469845,-2.125079922378063,-4.845496010035276,8.682812977582216,-2.195064015686512,-9.059578872285783,2.56166043644771,-3.9607620015740395,0.4173905688803643,-3.8141760136932135,5.3569731041789055,-6.844770044088364,-3.767413891851902,12.605452895746566,5.537123663030798,2.1381250396370888,-1.929236050695181,-1.425864888355136,-6.32550910115242,1.232699066400528,9.965136092854664,3.3009659200906754,4.43347404897213,7.96177806193009,-26.906259804964066,-8.834166987799108,0.6785881132818758,9.781360059976578,-10.319145034998655,50.60855029523373,12.293292090296745,-7.3010311014950275,-0.052897805522661656,-3.0092514439020306,-1.0390439368784428,3.1422842163592577,-2.382773943245411,-1.8934048935770988,-7.619836024940014,0.6013487654272467,0.4554379880428314,0.24407198559492826,-0.7982269190251827,3.446423192479415,5.53178695961833,-3.627339966595173,-7.037874769419432,-1.7803114303387702,1.4805281199514866
2.6718541730660945,10.486518006771803,-5.158240918070078,-3.246333956718445,4.761593107134104,-0.6567830499261618,-8.676844982430339,-2.3916984770912677,-3.27844307012856,-0.1771930381655693,-2.8246140191331506,6.218424953520298,-0.881120078265667,-3.2445739284157753,8.724754976690747,3.8752259984612465,-1.3674260005354881,2.593073991127312,-6.588439770042896,-4.7278809398412704,1.3256099820137024,4.494171287864447,4.350607046391815,4.178359106183052,4.508281948044896,-18.12389001250267,-10.67743494361639,1.9085799306631088,9.18746017664671,-7.230547975748777,46.19693048298359,8.97447994351387,-5.616262096911669,6.220520181406755,-0.39684005454182625,0.24622105434536934,3.8806209713220596,-6.927709970623255,-2.0216758772730827,-7.35527603328228,0.08032413944602013,-3.4299379866570234,-2.089207999408245,-4.028766009956598,6.300092112272978,6.868769943714142,-2.1145279463380575,-12.124280832707882,-0.9399990495294333,-1.1331780534237623
4.72295462153852,13.97603202611208,-6.779510963708162,3.8415749724954367,5.11179506406188,-4.596884910017252,-14.03848490677774,-10.145893682260066,0.9112236047512852,-2.62734105437994,-2.9335520528256893,2.43620687443763,2.621245052665472,-7.740051021799445,2.8283894459018484,2.4549789801239967,-5.646173832938075,3.921761492267251,-7.803345814347267,0.7708569290116429,1.3518098965287209,1.494522150605917,5.609542839694768,-0.04692109324969351,2.164776047691703,-14.545114010572433,-2.0103288553655148,2.6929919086396694,3.169409140944481,-1.366108332760632,50.99186046421528,0.163985975086689,-5.35486513748765,0.6411322483909316,0.148617998464033,-1.355707657057792,-2.166869107633829,-2.579664960503578,-2.306086966767907,-3.3688708692789078,-1.0579108353704214,-9.105811388231814,-3.7463449966162443,-2.3749448992311954,6.3457059152424335,11.528987877070904,-2.3847231925465167,-12.851441839709878,-0.8246840238571167,-6.9322708217659965
2.283129045041278,17.506553068757057,-6.795130092650652,-4.809596520382911,16.592232901602983,9.07656193524599,-10.436978183221072,-1.200605388963595,-0.25332389399409294,-3.9891522575635463,-3.2087923055514693,7.3906337787038865,-2.942183144390583,1.1164790391921997,13.210450947866775,3.4461239017546177,-6.151110676582903,4.185313996858895,-5.946871940046549,-8.91883182618767,0.5985952303744853,9.51109592244029,12.10855208709836,3.1098452042788267,4.190288780257106,-34.46193999052048,-17.3176579028368,6.24883709102869,10.180407285690308,-15.993951130658388,72.86563953757286,15.074502013623714,-8.242324197664857,8.396824208844919,0.4144134046509862,6.198194041848183,6.833987973630428,-1.6484019234776497,2.2386999502778053,-13.269394088536501,0.06984693394042552,-2.837195049971342,-5.886461943387985,-2.839028863236308,7.171960626728833,6.919891957193613,-3.347791373729706,-19.425089985132217,-1.3473499119281769,-4.654142804443836
-1.8794947515707463,16.045212171971798,-3.5022908598184586,-7.097010031342506,1.9206874473020434,-3.4658559635281563,-10.732922898605466,-9.881674036150798,2.3383399061858654,7.816029787063599,-9.975521989166737,6.974724054336548,-5.925823073834181,4.7479540184140205,9.820459889248013,0.9164930582046509,-2.032613981515169,0.6460860408842564,-1.2132811723276973,-4.994954042136669,10.751829028129578,9.404779128730297,0.9745622095651925,9.826871111989021,7.580662045627832,-16.817477896809578,-22.93095988035202,3.22081789560616,8.261445166543126,-8.283675968647003,38.74685028195381,6.001812055706978,-2.00338014960289,6.612136978481431,-2.833817020058632,2.6881151143461466,6.098069943487644,-3.0286438651382923,-3.201704990118742,-6.933699939399958,8.069164089858532,1.078680108068511,-6.632508024573326,-0.7258460000157356,7.869903511818848,-0.37285500578582287,4.342142213135958,-14.135319739580154,4.099028944969177,4.017847810871899
7.40312001761049,17.13859785720706,-14.783910755068064,-5.854255932383239,13.299544163048267,-2.623695310205221,-9.356444749049842,-6.274847524706274,-6.2813951801508665,14.930108860135078,-8.894227022305131,4.1021518632769585,-1.639175096526742,2.903863991610706,20.655193882994354,-1.3845628574490547,-2.097571248654276,1.8557842513546348,-4.061904618167318,-10.97212198190391,-0.005125951021909714,13.28710420243442,6.909847127273679,2.3584141843020916,14.254545219242573,-22.037369839847088,-21.268771030008793,10.396575688617304,19.012500196695328,-12.087787996977568,73.46592655032873,13.324428958818316,-12.388160146772861,6.614088063884992,-5.13742604595609,1.1442009434103966,5.299549013376236,-3.221130075864494,-3.7129470631480217,-8.339922960847616,-5.641659931803588,-2.8722790740430355,-8.645406945608556,-3.2028568871319294,5.401345584061346,3.390297122299671,2.945051982998848,-15.167431877925992,1.4328799284994602,2.590984156122431
9.74267633492127,32.667769979685545,-20.307693069800735,-13.168526830966584,33.89942490682006,6.1286630015820265,-21.702487468719482,-9.428410407155752,-5.215363033115864,6.545918273739517,-8.978016490116715,9.44891408085823,-2.0636820858344436,3.5751629564911127,31.080194717273116,1.9810787988826632,-13.986582883168012,-0.017847868613898754,-11.910689849988557,-20.033932980149984,0.3066988126374781,17.439131163060665,15.843385932501405,2.3145282194018364,10.395886056125164,-59.53382400423288,-31.819832739885896,22.451602896675467,23.1025921208784,-20.745853938162327,128.95693387836218,20.166781787760556,-12.909855352714658,6.070210006844718,-9.517352782422677,6.634382018819451,3.3475450810510665,-1.4936719546094537,1.8232739642262459,-16.230510851368308,-1.9921329855569638,5.36023208568804,-16.284348878078163,1.8042331580072641,17.038405057042837,-1.2563150590285659,-2.2678228178992867,-37.855153711512685,0.0033736317418515682,-5.986436358653009
2.654183060862124,10.127591969445348,-4.982683047652245,-5.740345014259219,7.873733054846525,-7.340387027710676,-5.461400896310806,-8.031808669213206,-9.15171207912499,10.24235532595776,-6.198171527590603,11.45882004359737,-6.876675002276897,-1.4840419022366405,18.230350572615862,4.518694957718253,1.3517650328576565,4.31185894086957,-0.6112213712185621,-6.268052898347378,-5.433634057641029,11.541332066059113,6.837333949282765,8.25598207116127,16.27703082561493,-27.250769251957536,-22.199084036052227,3.56512501090765,14.919591125100851,-14.913485061377287,62.9738200455904,13.769072855822742,-11.834325066767633,6.435111066151876,-5.073201263090596,-0.6071941028349102,9.082519743125886,-4.607753902673721,-3.8727769469842315,-11.132417281158268,1.6479237435851246,-4.034820808330551,-3.683189958333969,4.316573824733496,4.452901582684717,3.6155220419168472,0.9770838874392211,-9.125597961246967,6.584273993968964,9.162441348657012
4.958453384460881,22.06099297106266,-11.437051024287939,-5.957865010946989,11.20808071270585,0.6300470884889364,-23.69116897135973,-6.0432413967791945,-5.543472751684021,0.9945325164590031,-11.158953342586756,8.126844050362706,-7.173172218725085,1.1644349973648787,28.0480125118047,6.630550002679229,1.45952771557495,0.33627804461866617,-16.365641204291023,-19.17975101619959,-1.1089327749796212,8.118287063203752,12.576100060716271,4.964255005121231,12.952859073877335,-48.75900001823902,-29.665067203342915,8.498168674996123,24.145618102513254,-14.733819082379341,115.1512101739645,23.613697975873947,-11.666906592960004,2.951482015021611,-0.687320152297616,3.8932836628519,6.306188025511801,-0.04654812905937433,0.3885200275108218,-11.138040039688349,-10.701199104776606,2.7926314687356353,-7.3051409386098385,2.9982811212539673,9.473998639252386,11.83595797419548,-2.3222992601804435,-20.215312752872705,-0.5356120802462101,4.683007841929793
3.0980600770562887,12.68165171565488,-12.187744874507189,-7.353585917502642,13.799050137400627,-6.128270022571087,-4.742982804775238,-0.3878496834076941,3.915974911302328,7.0807400196790695,-4.804634138941765,6.412039991468191,0.20190296322107315,-5.75629398971796,10.95456993021071,-0.8193540023639798,-2.5901117384200916,1.2306079901754856,1.298700099810958,-6.645871901884675,-0.040936803445219994,12.990033969283104,0.9537375662475824,-3.2221680358052254,12.57528007030487,-16.291037872433662,-10.575459449843038,2.652465932071209,11.685348138213158,-5.086045976728201,42.52871008217335,17.173950016498566,-6.956033140420914,0.693882105697412,-6.860632993280888,0.9023690782487392,3.9580618627369404,-3.44349779561162,-3.7297610081732273,-4.62552597373724,-1.5422760802321136,-3.359382755123079,-8.864428099244833,-0.621570959687233,5.111218500867835,5.4091541059315205,-4.48986111022532,-7.674811907112598,-2.9211689783260226,4.257216025143862
3.492225982248783,7.727390989661217,-7.238022997975349,-2.5089440420269966,8.838024530559778,-1.9744960591197014,-9.334224877879024,-1.6852386160753667,0.8964919857680798,4.352966025471687,-2.5641563748940825,4.6741990856826305,0.9963454464450479,-3.8227729611098766,11.451452965498902,0.8653229996562004,0.9385753618553281,1.4504400342702866,-3.742683290503919,-4.815340921282768,5.693746305536479,6.263614977709949,4.581325106322765,4.1616499945521355,3.6320099402219057,-19.615410089492798,-9.275196127593517,0.5229500569403172,7.681525114923716,-3.1831050030887127,44.459519758820534,7.204101949930191,-3.5521200634539127,0.6705041116219945,-1.2718180492520332,0.4893471021205187,-0.7586580142378807,-0.5169069431722164,-1.856689915060997,-3.6984959688270465,2.286241117864847,1.9368562537711114,-1.5110180154442787,0.5254707830026746,3.4184360280632973,4.964154964312911,-6.445081973448396,-5.099073022603989,-0.7833390347659588,0.5047489870339632
-0.8263180614449084,20.41411018371582,-5.0404690830037,-8.198066307231784,19.868772162124515,3.180763991549611,-9.156380966305733,-6.966926681343466,-10.545802004635334,8.59338297881186,-16.32051625289023,-0.5079241651110351,-9.356874168850482,13.905332997441292,30.213049156591296,-1.1712968442589045,-7.435424970462918,-1.9552402701228857,-14.292891854420304,-19.187544971704483,1.6172987595200539,15.990421116352081,13.311398956924677,-0.8938787505030632,13.641526143997908,-42.30866350233555,-12.129582829773426,23.18777689896524,29.31648837029934,-21.28955648187548,105.91425111889839,20.902417086064816,-16.957012958824635,12.811904273286927,-19.53803401067853,7.193743894807994,14.889143427135423,-18.403221648186445,-2.48232907615602,-15.995315063744783,-4.042956971563399,-1.152380809187889,-14.867970041930676,-1.2975721890106797,17.75905151711777,1.2796429879963398,2.7708493191748857,-27.19375572539866,1.7217629542574286,-7.948790876194835
4.4953263201750815,7.969173990190029,-3.992412954568863,-4.6695521697402,6.11319899186492,-7.119954004883766,-9.91448087990284,-1.2701712734997272,-6.157360069453716,7.445906974375248,-6.930561724118888,10.093459784984589,-5.212188094854355,-3.086281906813383,16.052630178630352,-0.8177921548485756,0.3119680881500244,3.596235861070454,-5.531971028074622,-8.619844995439053,-5.606096865609288,8.18978200852871,10.785694032907486,6.4434311427176,10.006198157090694,-35.82101023197174,-21.056929977610707,2.6289259158074856,14.724999217316508,-23.82481211423874,72.0673769377172,18.164933076128364,-14.790829177945852,8.053893066768069,-6.574520063819364,-3.455474205315113,6.741915337741375,-7.783100786618888,3.758734338451177,-8.540067035704851,-2.0870329309254885,0.4944730317220092,-4.7968340599909425,-3.1798080056905746,6.325867990031838,3.7202138639986515,-3.823987415060401,-17.507644817233086,1.534885011613369,8.742990128695965
11.383541139774024,8.414500992745161,-9.760368958115578,-8.014568803657312,18.04717176221311,3.795641118660569,-15.763621054589748,-3.197620469785761,-9.93639846611768,4.595889953430742,-4.510926110204309,5.747375950217247,-7.496946587227285,-6.2775459215044975,14.494015914388001,-2.984370093792677,-5.992226406466216,-5.044948948547244,-1.8021039236336946,-11.594068622915074,7.457151101436466,14.329482063651085,3.3552210330963135,1.990509983152151,4.716320754960179,-31.728438034653664,-12.410230978392065,-2.525943048298359,12.076572192832828,-12.542199935065582,85.44530959427357,15.0827911417,-8.313895097002387,1.20459704316454,-1.3515083421953022,-0.5838899705559015,-1.702549058943987,-3.004668924957514,-2.640531938523054,-3.9600749015808105,-0.7034959178417921,-2.016239224933088,-2.2378600239753723,0.8761207599309273,0.48701369296759367,-0.5869849771261215,-5.552287928760052,-13.790072798728943,-1.5836540507152677,-4.094914000481367
-2.5998201573383994,13.763118956238031,-7.527779111638665,2.040318924933672,13.72328799776733,6.662295929156244,-14.373133927583694,-2.709853567648679,-4.413117131218314,2.0408857576549053,-2.411054062191397,0.0374111644923687,1.7174671962857246,2.8344750814139843,12.881262504612096,0.36463559907861054,-2.9298418555408716,-5.204505518078804,-14.336340999230742,-15.899450978264213,5.078059280058369,4.596562974154949,12.801647003740072,-6.724733799695969,-4.833372899331152,-25.799589520320296,-8.894840069115162,12.053637817502022,9.181778865866363,-13.137593913823366,61.463749542832375,7.600826028734446,-11.422932038083673,9.818656092335004,-1.0883959154598415,0.40966901928186417,0.1863408386707306,5.355014966800809,-0.28726004622876644,-16.470011971890926,4.507203061133623,0.3902229964733124,-1.0702772899530828,-9.39208808913827,10.072613353841007,7.702487718313932,-3.6302005394827574,-16.755864784121513,-3.054217968136072,-13.050473868846893
4.043311011046171,8.672556130215526,-4.577430985867977,-0.2541799619793892,3.7265220573171973,-4.995705049484968,-8.970436729025096,0.04865036765113473,0.20742779172724113,2.0860300213098526,-0.2462553633376956,2.7880981862545013,-0.9081700369715691,2.097587179392576,12.962803509668447,4.020155997946858,-1.9309129435569048,-0.8496559262275696,-9.247180787846446,0.5957341492176056,10.948389458935708,3.376727079972625,2.285744071006775,4.330399055033922,2.382152894511819,-13.267519850283861,-3.932890087366104,-0.7675909316167235,3.158194098621607,-1.3583358265459538,35.140670105814934,7.745028076693416,-5.41867009177804,-0.47210781479952857,-3.2345987039152533,-0.33237505285069346,4.648818928282708,-4.037248991429806,-5.850443904288113,-7.152163115679286,-0.0046798549592494965,-3.485639914870262,-2.8063799366354942,-2.3739309571683407,-3.018015045672655,5.968732968904078,-0.42017607064917684,-7.051113860681653,-2.0741059705615044,-3.4806269723922014
8.944911080412567,7.218002960085869,-1.3581759426742792,-3.702349953353405,12.18994902446866,1.3546112603507936,-12.6446138266474,-2.575382530223578,-5.651566586049739,-0.6206219689920545,-0.696291433647275,6.988512136042118,-8.617846112698317,-2.601734980940819,10.492394330562092,4.789368899539113,3.4152418971061707,-7.135502014309168,-6.018444877117872,-6.630882904864848,5.622354130726308,6.368353037163615,4.626491000875831,3.417049093171954,6.377726998180151,-37.520779848098755,-5.961036049760878,-2.768434972502291,7.284453422646038,-8.655748209916055,81.94637967646122,8.206850830931216,-8.728942092508078,-7.116908971394878,-5.283430967712775,-2.862877087201923,0.6018149061128497,-1.572823952883482,-6.441612689755857,-5.79483887180686,2.5492591224610806,-0.019455865491181612,1.7887719260615995,-2.3732269406318665,0.3030386152531719,6.152481932193041,-5.119350141379982,-6.984966978430748,-1.6545260027050972,-3.119683936238289
-1.6735976687632501,19.52355793584138,-4.2171257343143225,-4.1124250292778015,14.11587985791266,-0.6271011661738157,-9.742132907733321,6.078436901792884,-6.341111381538212,-4.312726865988225,0.21073407027870417,7.74605617672205,-19.677925001829863,-4.1450269892811775,19.76219342520926,2.3141389545053244,8.595648013055325,-0.5660015884786844,-17.36643303465098,-9.238863034173846,-1.0384959373623133,10.706232151016593,17.26991750486195,5.979784982046112,11.312512127682567,-51.020500376820564,-21.67205506376922,-5.5810131405014545,9.580433265306056,-15.27890853304416,112.11285016965121,12.489579149521887,-13.801766198812402,-1.7516939213383012,-2.6362501771654934,-1.9476300734095275,12.968661981867626,6.826055034995079,-1.9287157859653234,-15.04011707752943,1.9698512703180313,-13.165512079373002,0.8863880466669798,-0.6870498508214951,-0.05773770622909069,7.631793990731239,-3.3541473692748696,-17.964445993304253,-4.135488195810467,0.8818789417855442
1.8977440213784575,10.021078692923766,-10.141555860638618,-1.9682130701839924,11.730137462727726,10.184469182044268,-8.025403970386833,-13.17359447851777,-3.0446249544620514,5.026198912411928,-2.4567937022075057,-1.1631449088454247,3.63860491104424,-0.826777957379818,14.584230899810791,3.9315890222787857,-6.965684422291815,3.7753000427037477,-3.4739849036559463,-6.998129989951849,-0.8005015929229558,9.889177179895341,1.9032760178670287,2.9603040888905525,2.449985906481743,-25.361739724874496,-18.222431037575006,9.58427682518959,13.519308134447783,-11.630971992388368,53.04353167116642,7.682079043239355,-10.625825081020594,3.6695921400678344,-2.6414417335763574,4.525906927883625,0.97932393476367,-3.8928108122199774,2.5998530872166157,-12.167235804721713,3.0727931391447783,5.042215634137392,-6.170099947601557,-2.902539925649762,7.861670196056366,0.8782381527125835,3.455414602532983,-13.57258483208716,2.3485449701547623,0.8995910454541445
4.085115049034357,9.98308102041483,-7.688547860831022,-2.8421589508652687,7.392863113433123,2.24003591760993,-9.264894796535373,-2.4346236302517354,-1.6379610653966665,3.107700005173683,-3.6147584645077586,4.12308607250452,1.218418911099434,-3.1760079711675644,7.57120491808746,2.3602830097079277,-3.842855963855982,-0.09785897936671972,-5.4268918056041,-1.2798810005187988,4.5515602747909725,5.944921102374792,1.465280044823885,1.593062087893486,3.6042339112609625,-17.261549919843674,-12.557030111551285,1.5061089918017387,11.315290048718452,-4.490415010601282,41.09008012712002,5.635519981384277,-5.1985441185534,3.32429224048974,-1.8798180557787418,1.530469061806798,1.5530679654330015,-7.447649851441383,-3.115694895386696,-4.718370039016008,-0.1868438795208931,-1.9567079916596413,-3.784218020737171,-4.347829946316779,6.563340101391077,8.132490940392017,-4.723665960133076,-12.793390810489655,-1.1239110138267279,-3.9559490773826838
1.3877871159929782,12.929771110415459,-9.143042802810669,-4.468386065214872,8.787862811237574,7.47459114715457,-4.4327949937433,-0.042929027462378144,-2.0160951241850853,8.606986811384559,-4.303896353580058,12.25212300568819,-4.32453016191721,-2.4284110087901354,11.213787071988918,-0.5952480025589466,0.6352489963173866,1.3412710577249527,0.9166370648890734,-1.88463294506073,2.506117019802332,14.935720277950168,6.480390906333923,8.159539248561487,15.080863719806075,-24.435650158673525,-13.090826787054539,-0.2567269876599312,11.772031378000975,-10.498671848326921,47.368509367108345,5.834378010593355,-4.773071113973856,1.52010313217761,-4.592416994273663,0.24984400533139706,-0.47033705934882164,-3.717052035033703,-6.069164790213108,-11.727150866761804,6.455066040856764,-2.2051200196146965,-1.2574220225214958,-1.0659779831767082,3.9341620318591595,2.999646872282028,0.5274140387773514,-13.142197623848915,-0.3248060382902622,1.5572038213722408
7.398142327787355,22.39545013010502,-15.093683778424747,-7.065867997705936,13.573891177773476,-2.948719197884202,-25.058604527264833,-15.078691554488614,-2.0513205220922828,8.172469850163907,-17.14257013105089,7.399368930608034,8.352151062339544,-7.115650877356529,27.799504877999425,4.431857943534851,-10.307980954647064,2.5691929142922163,-3.9521678481251,-15.346796104684472,14.685997260734439,1.5077090412378311,-1.6821719706058502,4.403737658984028,5.9277324543800205,-17.05539799667895,-23.317871132865548,6.859759650891647,20.833653228357434,-14.905676040798426,66.26656405627728,19.920498041436076,-10.439210230484605,18.276812302239705,2.95439362549223,7.099944079294801,7.378721807152033,-5.620224188547581,-1.1325128749012947,-7.658065054565668,-3.0141421109437943,-1.0480280006304383,-13.618274003267288,-2.103794749826193,11.158993360586464,11.876775994896889,-0.40569260669872165,-20.33778854459524,1.0007611764594913,-0.2369641289114952
-2.173354022204876,13.445210095494986,-8.133937867358327,2.347570052370429,3.8198616541922092,3.501243183389306,-15.53334991633892,1.2506173583678901,-3.732611980289221,11.858546609990299,-2.4473590049892664,9.742627074941993,-2.082912001758814,7.103752023540437,8.641847896389663,-5.46354503557086,5.9966757306829095,-2.067629858851433,-5.589539963752031,-6.033077031373978,1.6051340699195862,15.053356990218163,5.736398772336543,9.15054241544567,15.615979850292206,-10.026815298944712,-18.82011017203331,0.002187186386436224,3.164082068949938,-9.955461032688618,49.171479776501656,-4.551472140476108,0.32450938684633,2.7607331423205324,-0.3277114392258227,3.8507070280611515,6.49752189964056,-7.985951855778694,-5.925079014152288,-9.68020189832896,7.088727834401652,2.2652139849960804,-12.702348642516881,-11.459478115895763,2.2788287540897727,1.8414389938116074,1.1469969898462296,-15.448408920317888,-3.3810990378260612,3.547538883984089
3.8653482471127063,14.263277899473906,-0.7858938463032246,-13.142449095845222,11.152102783322334,4.155293025076389,-13.758406917564571,-3.8955019002314657,-11.114801915362477,6.942199565470219,-8.031248920597136,10.800593882799149,-10.581461646594107,-3.4996300488710403,17.249079171568155,2.6791710257530212,3.446477056480944,5.374849989078939,-4.3847019439563155,-20.0296087898314,2.4111451376229525,17.048947039758787,15.691321934573352,6.184778881259263,13.823622195515782,-55.94106037169695,-24.023300133645535,0.7905164974508807,17.01322096074,-16.60800383426249,122.0128598511219,20.114988066256046,-13.694535182788968,-1.439459953980986,-4.1490386601071805,0.9057303611189127,4.4132069516927,-4.343657890334725,2.6920141163282096,-13.128015786409378,-2.974447011947632,-1.4030652437359095,-4.115706076845527,1.493053924292326,12.200433045625687,4.246005766442977,-8.776895358692855,-19.242435824126005,1.7510799672454596,4.655925238505006
-1.3637272517662495,26.17627002298832,-12.745946970768273,13.166424235329032,-12.333570972084999,-20.24589615315199,-3.5901244413107634,-8.161786762299016,-9.045579090714455,24.49126189155504,-0.7605330683290958,6.465998187661171,-1.740131065249443,-10.185677111148834,13.257608937099576,-16.315742775797844,2.228545804740861,3.7505899909883738,2.631156344199553,4.378598928451538,-20.529259108006954,9.242078114300966,3.129374665510113,5.806804109364748,2.9497278966009617,-2.6747094160309643,-21.016076911240816,11.577837008982897,20.773268311284482,-13.286980897188187,43.04167091101408,-10.20817507430911,-15.128306267783046,16.269592305470724,-7.183666089549661,-17.695498066022992,17.234807021915913,-13.950870912522078,7.866806082427502,7.943964183330536,9.556569052510895,-10.31905515678227,10.759244084358215,-15.67292757006362,2.3776939157396555,-23.326222009956837,-9.630977047607303,-16.852944783866405,22.389621030539274,30.157149485312402
3.0971922476310283,13.448780097067356,-4.062769893673249,-7.700620327144861,10.458188069984317,-2.085639304947108,-15.669906724244356,-7.3086042299401015,-6.3116197271156125,2.6222925796173513,-12.719849136658013,9.641918946057558,0.3116792868822813,-0.46447389759123325,20.133057484403253,3.986174930818379,-5.3203569538891315,0.9529140091035515,1.214038198813796,-13.514868959784508,5.579521277919412,1.452036164700985,-0.1201559379696846,3.0837250500917435,6.630355853587389,-22.91237400472164,-18.53697493672371,3.4853213843889534,19.17127526178956,-14.685828942805529,60.104680210351944,12.938942041248083,-10.467971943086013,7.659709443163592,-0.2165699650067836,9.541770892683417,11.342149838805199,-7.616800830699503,-1.2056969762779772,-7.382491871714592,-1.1859197970479727,-1.883898037020117,-9.080761993303895,3.3555969782173634,9.839958141557872,8.439411953091621,-3.519165261182934,-14.046495739370584,2.175858933478594,-1.5963028874248266
5.7497431572992355,16.106863111257553,-8.884981950744987,-11.604017078876495,22.373112928122282,8.658033140003681,-12.145635901018977,-2.8167364199180156,-12.19444657821441,3.4510600259527564,-10.927751987241209,6.844546854496002,-8.25283800251782,5.635663982480764,23.96377469971776,5.799857144244015,-3.399418722372502,-0.22621943661943078,-14.113429917022586,-23.760748895816505,-5.902717987075448,15.647271806374192,12.796712026000023,1.0209242571145296,11.039156883955002,-53.666359692811966,-23.057495147921145,17.788961881538853,20.676489266566932,-19.19069304689765,114.93127836287022,22.278467938303947,-8.877910066395998,7.089043333020527,-4.119102387223393,6.1630972675047815,8.09159297682345,-8.008215922862291,-4.349623954854906,-23.233382066711783,-5.616833113133907,5.496483798138797,-9.759373916313052,0.22468288615345955,17.70725506544113,5.174306899309158,-1.3063704916276038,-24.262457747012377,-1.7395703117363155,-4.707971703261137
0.45968811120837927,8.574544095434248,-10.198131121695042,-1.295571068301797,0.14296384062618017,-0.031761002726852894,-6.745097033679485,-19.204650594387203,-1.7020651964121498,11.221041779499501,-6.709328482393175,-0.7828019186854362,-6.201765891164541,6.322863070294261,6.631857544183731,-3.3528600241988897,-1.4452080372720957,-0.8108380008488894,3.5962500942114275,-5.5865548411384225,1.8159309439361095,7.412467036396265,-5.562173947691917,11.365261971950531,3.6811869693920016,-19.808184184134007,-26.311439752578735,3.3942360039800406,3.126821097917855,-5.21444795653224,43.93708977103233,1.4496189914643764,-0.3921779436059296,-3.3683190291631036,-1.6944718633312732,2.755823884624988,-3.639630015939474,6.912132975645363,-8.865088927559555,-6.019177878275514,7.125329189002514,7.63892316701822,-0.23421253834385425,2.0934369396418333,5.351639995351434,-2.7794459499418736,8.509035996627063,-5.913546497933567,6.339936899021268,8.12419802416116
4.939514018595219,2.1880947090685368,7.928802141919732,7.69705094397068,-4.953090090304613,2.795828899834305,-4.995646145194769,-12.15496680000797,-12.60140623577172,3.7049829973839223,7.109024346806109,1.6321706362068653,-26.67272911965847,-0.38208208605647087,5.672487422823906,-4.135054999962449,-7.998160028364509,15.035244077444077,-10.619464847259223,-24.220131693407893,1.8839760022237897,1.9291688734665513,-8.334781074896455,9.895819321274757,-5.361249227076769,-9.883164793252945,-12.278269924223423,7.250978936441243,0.717099092900753,-4.8703200705349445,44.392320439219475,1.9656149223446846,-1.6837450126186013,11.838320022739936,15.117625924525782,1.165717022959143,8.703830055892467,2.5446900287643075,-5.4690388618037105,-4.753905011340976,12.53213013149798,-3.435496214777231,3.7134699719026685,-10.261006938293576,-2.3739369083195925,4.3220550594851375,5.239314989652485,-8.72521891258657,8.236059058457613,-6.7526349648833275
14.522404779680073,8.819893922656775,2.099387088790536,-9.785409992560744,24.02872588392347,0.7474448404973373,-14.416464320849627,-5.616589995799586,-1.3902763585792854,1.9181720877531916,-4.989512348314747,17.737003142014146,-16.38552723824978,-2.775575980776921,30.765367038547993,15.111637951806188,7.910917075350881,-3.8493410567753017,-2.181277494877577,-24.339380068704486,-1.872736893594265,9.484973791055381,15.028531987220049,2.9226371524855494,15.222510400461033,-78.5438798815012,-26.675194159150124,1.7997509464621544,27.517191297374666,-25.737101767212152,154.7020904570818,20.647829009685665,-26.813873901963234,-11.341273503552657,-4.5857435767538846,-2.308470916002989,6.689872013404965,0.18392205145210028,9.651985194534063,-14.575054973363876,-6.5491528660058975,0.028452076017856598,0.8641138039529324,13.254301046952605,-6.373061046935618,3.6240900913253427,1.4141277959570289,-0.09460440467228182,1.8321884348988533,14.249985247850418
7.491512089967728,6.556282989680767,-2.7913166527287103,-0.18105603754520416,11.747413968667388,0.7058840170502663,-7.690249940380454,-1.8549975515343249,-2.2400724693434313,0.9389959275722504,-3.8666219413280487,1.2863250114023685,-8.400143019855022,1.2016152965370566,9.36581289023161,3.944051932543516,3.1979929599910975,-0.9314499199390411,-4.4583006873726845,-8.811499118804932,-1.2975929267704487,8.706340029835701,1.0825390070676804,0.9085789993405342,6.666089840233326,-33.57973974943161,-8.739271953701973,7.37684091925621,8.889378152787685,-6.0773630402982235,67.93658031523228,1.5119619239121675,-6.433080073446035,-5.053453941072803,-2.1059821634553373,1.108918839134276,1.7283499240875244,1.6728173369920114,-0.466844892129302,-6.117744043469429,1.3190021365880966,3.3884683684445918,-1.857529928907752,2.6055450178682804,-0.22270893305540085,2.1866889633238316,-0.7307641441002488,-1.3954339362680912,1.3644609935581684,-0.7222434990108013
-1.138382887467742,4.174983117729425,-15.051368959248066,-5.038172715809196,3.7051999531686306,0.8409098074771464,-9.648111273068935,-11.36274078162387,-1.095916834892705,4.335669003427029,-2.23530503641814,3.190195005387068,-1.390563938766718,-1.7307288981974125,6.275928477407433,4.887492624111474,0.0046659912914037704,1.6847512102685869,2.130869099870324,-11.011508919298649,9.781537052243948,7.015099857002497,-2.273044988512993,0.7606688868254423,1.0270699094980955,-13.542648983653635,-13.965714937075973,8.061032942030579,14.792637005448341,-6.7209151946008205,47.00100961327553,5.702801883220673,-2.1400328278541565,5.5057383718085475,-1.2837080303579569,4.574456002563238,-0.7947801779955626,3.1128430599346757,-4.740858897566795,-3.907914998009801,-0.2698657922446728,-2.1996644376777112,3.116372026503086,-5.173444874584675,6.781232178211212,3.8456090316176414,-2.742040377110243,-15.006214790046215,2.6662065512500703,-3.3537280969321728
2.219128094613552,10.203199952840805,-8.160876312409528,-4.849904052913189,2.323893154039979,-5.881605099886656,-11.37458079494536,-5.072846523660701,3.124806541018188,11.215231232345104,-3.5559929898008704,-2.3623209414072335,2.948656029999256,-0.5410819454118609,16.1222020117566,0.9910549521446228,6.272684044204652,2.8699290603399277,-6.411386923864484,-4.38052386790514,10.073490053415298,5.897217916324735,5.119138091802597,8.732745577115566,7.763189036399126,-12.455788992345333,-13.515013156458735,1.5914670247584581,9.19201171444729,-7.587409753352404,48.67169971764088,12.59086387231946,-11.714630290865898,0.9463901331764646,-6.29430803284049,-1.7916890159249306,7.22041592001915,-7.554126867093146,-5.033668054267764,-3.7057338831946254,-2.2183921113610268,-5.503162620821968,-6.89822494238615,-6.91656194254756,1.1411099396646023,5.20222985977307,-1.825935922563076,-8.198174278251827,0.7744708908721805,1.3326437687501311
1.3309200890362263,14.409139710012823,-7.998304910957813,-4.172269117087126,17.665202850475907,3.1135532706975937,-16.158295003697276,-1.7965855919755995,-8.17199600301683,3.7073176119010895,-6.698820974677801,4.28414710611105,-8.44579955469817,0.19126391410827637,18.029136065975763,1.2704278826713562,1.6672190129756927,6.243311968632042,-11.605264877318405,-11.10711670294404,1.1796241495758295,15.784972075372934,8.822536064311862,7.378087934106588,8.551590572111309,-50.53873024880886,-20.85683000832796,5.514931999146938,14.70390825998038,-12.881125163286924,98.45060002803802,12.16574302688241,-11.953375183977187,3.965971124416683,-2.645344950258732,0.27717102505266666,5.031609937548637,-2.1334419026970863,-4.054172929376364,-12.459076024591923,-2.999269360443577,3.140313982963562,-8.139270383864641,-0.4100509900599718,7.979623455074034,-0.42573822219856083,-10.88635934703052,-23.00908597931266,3.1051550209522247,3.574354037642479
4.921930029056966,14.826811558101326,-10.573278814554214,-6.804266166873276,11.475286029279232,-3.2195811830461025,-10.913512939587235,-3.011681499425322,-2.9207061026245356,6.665037080645561,-1.9310240559279919,4.069208160042763,-5.107760153710842,-2.538497928529978,14.146142889396288,6.095830053091049,2.8770188689231873,5.053863984532654,-7.568536717793904,-7.834925998002291,6.447869993746281,12.417558990418911,-2.1207239273935556,5.758861042559147,8.888568644877523,-32.40045980364084,-18.733230777084827,2.18818998336792,13.808670755010098,-2.515129942446947,72.29377968609333,16.1378490049392,-4.5372031070292,4.305612129915971,-2.9731555553153157,-3.731528210453689,1.9447469301521778,-1.9543818682432175,-7.408593995496631,-9.595325954258442,-2.1853997090365738,-2.9724699910730124,1.8111600279808044,-4.722186967730522,5.775857660439215,9.1595099568367,-7.612676054239273,-13.356489775702357,-0.04119802266359329,1.3019679933786392
10.847910107346252,14.061740714590997,-6.945081930607557,-3.9826141241937876,19.76980387046933,6.0073689967393875,-6.3736370503902435,-4.762814937857911,-8.176031176524702,0.9825081166345626,-7.690533182583749,12.972918389365077,-12.943790055811405,-7.480850049294531,15.845328338444233,5.998519909568131,0.43094185180962086,-4.367855346761644,5.145317183458246,-13.851835022680461,-2.401554598705843,12.480485744774342,7.3123739361763,-0.6799174547195435,17.086027644574642,-55.62217018008232,-21.10219195112586,0.6593118407763541,10.97356832306832,-6.593772077932954,108.50694046914577,6.630719252862036,-11.650510117411613,-13.914622751704883,-2.230833942303434,-1.7900207382626832,-2.0032179951667786,4.116000996902585,-3.389292943291366,-9.697681993246078,2.1575934649445117,2.1550459220889024,-1.4651410151273012,7.397787777532358,1.2645541206002235,8.786473026499152,-1.673573997337371,4.80560640245676,-0.23209501802921295,4.040705296210945
2.6211820989847183,14.070512056350708,-11.693065095692873,6.159979917109013,-4.28200027346611,-7.525216911919415,0.11743701249361038,-5.764121497515589,-11.777126185188536,12.612694077193737,-1.28896345756948,6.788700960576534,-2.782882012426853,-3.303670074790716,3.9140193886123598,-10.708350075408816,-2.1099229399114847,1.6253833919763565,0.73125009983778,4.469943024218082,-10.203559022862464,8.386697073467076,4.2736996708663355,0.5323880724608898,4.275484837125987,-9.778419090434909,-16.11865982413292,3.2678320966660976,10.795505993068218,-7.478937719017267,36.01579147018492,-4.013129992410541,-11.922030217945576,11.532236074854154,-2.617236885474995,-6.917585003655404,3.609484001994133,-5.386112765758298,2.3637310536578298,1.1378489322960377,4.2699780613183975,-5.490289086475968,5.923385998234153,-9.746174145489931,-0.31885603070259094,-9.841845076531172,-1.8685270403511822,-13.993278037756681,10.002595881000161,9.808068996295333
5.12906401604414,16.590775229036808,-3.8831120973918587,-3.9180900529026985,-7.704222999513149,-7.826117094606161,-13.984516952186823,-5.963891471270472,7.17119587212801,2.692409858107567,-4.131466992199421,2.868429146707058,-0.0734400637447834,3.9750850573182106,11.297854110598564,1.3631070517003536,0.06594191119074821,0.5110759772360325,-5.614713248738553,1.5479060113430023,14.082849718630314,7.302305078133941,-0.08626802824437618,14.43566508218646,5.95216991007328,-17.26427385956049,-3.7782800048589706,-0.9862139970064163,5.783676085993648,2.752857033163309,36.124629616737366,9.180736809037626,-2.5138830803334713,-1.0967790597933345,-0.6764001175761223,1.6733740530908108,-2.604051947593689,3.7144700661301613,-10.2293099462986,0.9549239259213209,6.112022083252668,4.471546242712066,7.510257065296173,2.068699985742569,0.22496790066361427,-4.11304397135973,3.533637162297964,-2.4764064801856875,3.857914984226227,2.342796951532364
-3.082031550584361,18.614088476635516,-9.38949503749609,-9.283304539509118,18.30456544086337,3.7338262423872948,-16.96293499134481,0.760718661127612,-6.168308460153639,1.5327568799257278,-6.168360883835703,2.263328157365322,-7.411475300788879,-3.3791730664670467,26.607456021592952,0.8270690068602562,3.720993204973638,-6.8008710369467735,-18.028445851057768,-4.939923778176308,7.430874928832054,16.455375276505947,1.899598229676485,5.59220860991627,11.521970408037305,-36.349866861943156,-7.199173551052809,3.4973301608115435,7.69184030406177,-12.983314870391041,78.33707980811596,9.993696134537458,-6.039441961795092,8.71998727490427,-6.4402580969035625,-5.417792936787009,9.886980935931206,-12.369219994172454,-5.0159009732306,-12.488115302869119,3.7335820235311985,2.7457759082317352,-7.143522076541558,-7.755290384404361,3.0686558075249195,-1.2864150069653988,-0.2709660246036947,-16.14267275482416,-11.25853321235627,1.1827111765742302
6.447839114814997,6.987947084009647,-1.368671940639615,4.476909849792719,-0.06560898758471012,-0.7139279842376709,-1.3000620156526566,-6.072549703065306,-0.2556868866086006,5.001358951441944,-2.868732627481222,0.9094981686212122,4.568557884544134,-4.783755919896066,5.117144964635372,-0.22066896222531796,-6.00180111406371,3.2666980996727943,4.02702603302896,-1.219238018617034,0.5549449138343334,-3.129210002720356,1.0476171805057675,4.825954031199217,6.840135019272566,-1.6636311039328575,-2.086568869650364,6.644875716185197,1.693343224003911,-6.679325995966792,16.320954993367195,0.9781628809869289,-0.10773623362183571,1.77269712818088,-5.585593309253454,-0.6929129660129547,-4.6494849398732185,-3.917630532174371,-5.490439921617508,-5.186242424882948,3.5062242783606052,-4.250483991578221,-5.556202955543995,-0.1280100867152214,2.518338903784752,-4.446839019656181,6.852665062993765,-5.178138863295317,3.528598040342331,-3.380494259065017
6.637512994930148,2.383308008313179,1.5599309634417295,-10.911168817430735,12.246085107326508,-2.7695200461894274,-4.741782918572426,-0.03836635360494256,-11.022286996245384,8.10354373982409,-4.8041406576521695,14.183020053897053,-14.293616813607514,-5.399821475846693,21.019841701723635,6.2198800239712,3.492886997759342,3.007467802381143,-0.586716627352871,-12.46414303034544,-14.258949251146987,12.012082071043551,23.579456947743893,8.446531756781042,17.9126465767622,-53.3148293197155,-21.06875031068921,7.708780901506543,16.464745059609413,-26.65057399030775,101.73518986999989,16.789233495481312,-16.24025839031674,6.078729124565143,-0.8151608975604177,-2.8442578008398414,11.869911905378103,2.560524143278599,9.072599858045578,-6.385620873421431,-3.2472067505586892,2.7937145130708814,-6.399469964206219,6.904092429205775,1.7024334585294127,3.334864106029272,-1.5521820038557053,-13.841297383129131,5.158181591017637,10.149434082210064
0.835305037908256,9.807516071945429,-9.805247996468097,-2.0651210118085146,2.8966547800228,0.17482649674639106,-7.150218054652214,-18.131451638881117,-0.6544079072773457,9.915476750116795,-7.312001295387745,2.7286080792546272,-4.892949935048819,5.723383074626327,6.236454091966152,-2.286519005894661,-2.3862540554255247,-0.23114592395722866,7.079376006236998,-10.640356048941612,4.325661938637495,8.752277042716742,-2.9743940085172653,11.404211953282356,2.4471318796277046,-22.604934103786945,-25.5217397660017,3.191920561599545,8.040686172433197,-8.837545994669199,51.80989959836006,5.09895890019834,-3.6346079003997147,-2.2039720380562358,-1.7407992095686495,5.646551083773375,-4.559244992211461,9.146158952265978,-5.949119880795479,-6.611207848414779,11.261142186820507,6.869889111025259,0.7295874151168391,4.482600910589099,6.39695299603045,-2.2401879131793976,8.55392012745142,-6.328273507766426,5.385287942364812,9.057152998633683
0.3957142005674541,11.163517921435414,0.5235950015485287,1.138691883534193,-4.502689868211746,-4.251885939389467,-9.095037094317377,-6.156322626862675,2.5812760815024376,18.236926790326834,-4.425948886200786,-9.196585055440664,-0.6162087582051754,6.209367098286748,17.46044310182333,-1.6103579178452492,-7.010479260236025,3.184781256131828,-5.34307427983731,0.2692369259893894,2.295535998418927,10.082776010036469,10.77381706982851,14.55821893364191,7.53491392172873,-16.872337944805622,-14.478764984756708,2.276579982601106,9.882997531443834,-5.882947289617732,56.99997030198574,5.179006028920412,-0.2702391017228365,1.7717970235389657,-8.257570935413241,0.5909520424902439,7.456166528398171,-4.763957928866148,-8.089854906313121,-2.1292719915509224,7.967828962951899,1.3560972313862294,-7.537130981683731,4.0654649417847395,8.356944918632507,0.6788520514965057,2.508246999233961,-2.2210777942091227,-7.979464960517362,7.369453908875585
8.47614624351263,15.778030082583427,-17.605445813387632,-7.075932078063488,10.589891076087952,-5.922175084240735,-18.289960704743862,-8.961528743151575,-1.4936710391193628,4.166908957064152,-14.627820134686772,3.52668696641922,12.14372205734253,-2.9051948934793472,21.857123943045735,-0.6455190181732178,-10.279793936759233,-1.8776540085673332,0.594725152477622,-8.930212662322447,12.097501186653972,-1.3710229992866516,-5.849513977766037,0.6938015859341249,3.2414413986261934,-4.951320067048073,-19.28076807409525,6.855372776975855,17.0138401389122,-10.286790061742067,35.11196018755436,15.09942501783371,-7.413094161078334,12.854308215726633,-0.980730347102508,8.337019968777895,4.656497832387686,-4.62231911951676,-6.4716780334711075,-2.6144190207123756,-5.264608986675739,-0.3845760151743889,-7.726915068924427,-3.8215238004922867,7.318111312575638,5.583590088412166,-1.8531994950026274,-13.713539712131023,0.6514372201636434,-1.2212721221148968
3.8578403876163065,7.609950954094529,-5.204987781122327,-0.9694919902831316,9.127947812899947,-3.4005234809592366,-6.432200100272894,-4.460653748828918,0.2808594512171112,7.893387973308563,-0.8185754488222301,7.275017952546477,-6.0473304111510515,-0.46059002727270126,10.470299475477077,0.2313216971233487,-0.3954340098425746,2.5078139072284102,-7.658693706616759,-7.53989093285054,0.551869371207431,12.23234099522233,9.544945142231882,3.585525145754218,6.867867308203131,-33.388564851135015,-13.794051776640117,2.5479908049455844,7.475353106856346,-11.277052620658651,75.24359002709389,14.810850910842419,-12.193204134702682,6.809911054035183,-3.6755580871831626,-1.6956856851466,5.692538273520768,-4.689900961937383,-4.1068610665388405,-6.856512002646923,3.3187900334596634,1.829809084534645,-5.610417939722538,-1.645566936582327,-0.08124013151973486,3.4286457336274907,-4.553788053337485,-10.276729956269264,0.7703129760921001,-0.12153012212365866
-0.655673852423206,7.04919702373445,-7.142910070717335,-1.7316800560802221,4.998831063508987,-5.994412953034043,-7.127631090581417,-7.147948792669922,-4.095278833061457,9.321377955377102,-4.297888475935906,-0.363859788980335,-0.17300651874393225,0.33653107564896345,6.972132001072168,0.808006988838315,-1.2004569731652737,2.3933230377733707,1.458618632517755,-3.7179319467395544,-0.2911981139332056,9.348030015826225,0.9616529671475291,6.38703303784132,6.81575729791075,-15.517354048788548,-13.800258861854672,3.3943399749696255,8.266273114830256,-3.2478659376502037,43.24905987083912,4.612399804405868,-1.6563380882143974,0.9972071776282974,-1.3624183856882155,3.1659581046551466,-1.6706901867873967,2.8429129384458065,-5.357712995260954,-7.728369886055589,3.4621531181037426,-1.1661618484649807,-2.9079409688711166,5.001036951318383,7.6656429544091225,-1.3373429337516427,2.277481060475111,-3.580962933599949,4.797545999288559,3.806325082667172
3.7026339918375015,14.436977908015251,4.3427439937368035,-12.63580695912242,19.574590168893337,0.577887358609587,-17.906851064413786,1.9855650528334081,-17.25923743005842,10.355368632124737,-7.766751635354012,21.228201009333134,-22.866917673964053,-7.090972864069045,39.24220024421811,5.786908132489771,2.5176359843462706,-0.615602221339941,-4.780393079854548,-20.630039032548666,-5.709384977817535,26.293598984368145,25.99248292390257,5.124269786290824,28.488109663128853,-82.68647009134293,-37.03306934982538,2.050157579476945,25.836336536332965,-34.87123205140233,152.43241167068481,24.73120895214379,-24.22365810070187,1.9424876690027304,-11.861601715441793,-8.097159925848246,13.008427884429693,-3.7221007458865643,10.144581896718591,-19.533293779939413,-1.594733863370493,3.213552765548229,-2.7453364313114434,-3.2878454822930507,4.476537903770804,1.8865746310912073,-8.826753077562898,-21.39189178001834,1.5305485553108156,19.524451289325953
0.7620301283895969,6.140811085700989,-3.9749468583613634,-3.667820021510124,5.857472810894251,1.012634128332138,-2.852362073492259,-1.9953975626267493,-3.721685942262411,3.3003199324011803,0.3280285904183984,4.8699860498309135,-2.276884088292718,-1.7890929952263832,2.8319979502120987,0.9141570776700974,1.7934299856424332,-2.9893750213086605,-1.2694672355428338,3.6863610297441483,-0.7017555106431246,1.1848000697791576,1.6195379979908466,3.4034640407189727,4.504003561101854,-16.27888995409012,-6.128179989755154,-3.246658928692341,2.3162560760974884,0.7889810241758823,30.15690006315708,0.8912818878889084,-8.51152116432786,-0.8072188952355646,-6.934470932930708,-2.4711079634726048,1.3898479538038373,-1.913619976490736,-3.955535914748907,-0.7881050184369087,5.2090190928429365,-0.3665882891509682,-6.525704950094223,-0.0768789853900671,-1.5252680070698261,5.274328634841368,-6.1396110113710165,-6.479870021343231,1.4412900805473328,-3.398970967158675
